ScientificName2021,CommonName2021,Family2021,ScientificName2023,CommonName2023,Family2023
Diomedea exulans,Wandering Albatross,Diomedeidae,,,
,,,Diomedea exulans,Snowy Albatross,Diomedeidae
,,,Diomedea dabbenena,Tristan Albatross,Diomedeidae
,,,Diomedea antipodensis,Antipodean Albatross,Diomedeidae
,,,Diomedea amsterdamensis,Amsterdam Albatross,Diomedeidae
Diomedea epomophora,Royal Albatross,Diomedeidae,,,
,,,Diomedea epomophora,Southern Royal Albatross,Diomedeidae
,,,Diomedea sanfordi,Northern Royal Albatross,Diomedeidae
Thalassarche chlororhynchos,Yellow-nosed Albatross,Diomedeidae,,,
,,,Thalassarche chlororhynchos,Atlantic Yellow-nosed Albatross,Diomedeidae
,,,Thalassarche carteri,Indian Yellow-nosed Albatross,Diomedeidae
Pterodroma hasitata,Black-capped Petrel,Procellariidae,,,
,,,Pterodroma hasitata,Black-capped Petrel,Procellariidae
,,,Pterodroma caribbaea,Jamaican Petrel,Procellariidae
Pachyptila salvini,Salvin's Prion,Procellariidae,,,
,,,Pachyptila salvini,Salvin's Prion,Procellariidae
,,,Pachyptila macgillivrayi,MacGillivray's Prion,Procellariidae
,,,Fregetta lineata,New Caledonian Storm-Petrel,Oceanitidae
Hydrobates macrodactyla,Guadalupe Storm-Petrel,Hydrobatidae,Hydrobates macrodactylus,Guadalupe Storm-Petrel,Hydrobatidae
Ardea intermedia,Intermediate Egret,Ardeidae,,,
,,,Ardea intermedia,Medium Egret,Ardeidae
,,,Ardea brachyrhyncha,Yellow-billed Egret,Ardeidae
,,,Ardea plumifera,Plumed Egret,Ardeidae
Bubulcus ibis,Cattle Egret,Ardeidae,,,
,,,Bubulcus ibis,Western Cattle Egret,Ardeidae
,,,Bubulcus coromandus,Eastern Cattle Egret,Ardeidae
Agamia agami,Agami Heron,Ardeidae,Agamia agami,Agami Heron,Ardeidae
Nyctanassa violacea,Yellow-crowned Night-Heron,Ardeidae,Nyctanassa violacea,Yellow-crowned Night Heron,Ardeidae
Nycticorax nycticorax,Black-crowned Night-Heron,Ardeidae,Nycticorax nycticorax,Black-crowned Night Heron,Ardeidae
Nycticorax caledonicus,Nankeen Night-Heron,Ardeidae,Nycticorax caledonicus,Nankeen Night Heron,Ardeidae
Nycticorax mauritianus,Mauritius Night-Heron,Ardeidae,Nycticorax mauritianus,Mauritius Night Heron,Ardeidae
Nycticorax megacephalus,Rodrigues Night-Heron,Ardeidae,Nycticorax megacephalus,Rodrigues Night Heron,Ardeidae
Nycticorax duboisi,Reunion Night-Heron,Ardeidae,Nycticorax duboisi,Reunion Night Heron,Ardeidae
Gorsachius leuconotus,White-backed Night-Heron,Ardeidae,Calherodius leuconotus,White-backed Night Heron,Ardeidae
Gorsachius magnificus,White-eared Night-Heron,Ardeidae,Oroanassa magnifica,White-eared Night Heron,Ardeidae
Gorsachius goisagi,Japanese Night-Heron,Ardeidae,Gorsachius goisagi,Japanese Night Heron,Ardeidae
Gorsachius melanolophus,Malayan Night-Heron,Ardeidae,Gorsachius melanolophus,Malayan Night Heron,Ardeidae
Tigriornis leucolopha,White-crested Bittern,Ardeidae,Tigriornis leucolopha,White-crested Tiger-Heron,Ardeidae
Ciconia episcopus,Woolly-necked Stork,Ciconiidae,,,
,,,Ciconia episcopus,Asian Woolly-necked Stork,Ciconiidae
,,,Ciconia microscelis,African Woolly-necked Stork,Ciconiidae
Spatula rhynchotis,Australian Shoveler,Anatidae,Spatula rhynchotis,Australasian Shoveler,Anatidae
Marmaronetta angustirostris,Marbled Teal,Anatidae,Marmaronetta angustirostris,Marbled Duck,Anatidae
Chondrohierax uncinatus,Hook-billed Kite,Accipitridae,,,
,,,Chondrohierax uncinatus,Hook-billed Kite,Accipitridae
,,,Chondrohierax wilsonii,Cuban Kite,Accipitridae
Elanus caeruleus,Black-winged Kite,Accipitridae,Elanus caeruleus,Black-winged Kite,Accipitridae
Haliaeetus leucogaster,White-bellied Sea-Eagle,Accipitridae,Icthyophaga leucogaster,White-bellied Sea-Eagle,Accipitridae
Haliaeetus sanfordi,Sanford's Sea-Eagle,Accipitridae,Icthyophaga sanfordi,Sanford's Sea-Eagle,Accipitridae
Haliaeetus vocifer,African Fish-Eagle,Accipitridae,Icthyophaga vocifer,African Fish-Eagle,Accipitridae
Haliaeetus vociferoides,Madagascar Fish-Eagle,Accipitridae,Icthyophaga vociferoides,Madagascar Fish-Eagle,Accipitridae
Haliaeetus humilis,Lesser Fish-Eagle,Accipitridae,Icthyophaga humilis,Lesser Fish-Eagle,Accipitridae
Haliaeetus ichthyaetus,Gray-headed Fish-Eagle,Accipitridae,Icthyophaga ichthyaetus,Gray-headed Fish-Eagle,Accipitridae
Circus aeruginosus,Eurasian Marsh-Harrier,Accipitridae,Circus aeruginosus,Western Marsh Harrier,Accipitridae
Circus ranivorus,African Marsh-Harrier,Accipitridae,Circus ranivorus,African Marsh Harrier,Accipitridae
Circus spilonotus,Eastern Marsh-Harrier,Accipitridae,Circus spilonotus,Eastern Marsh Harrier,Accipitridae
Circus spilothorax,Papuan Marsh-Harrier,Accipitridae,Circus spilothorax,Papuan Harrier,Accipitridae
Accipiter toussenelii,Red-chested Goshawk,Accipitridae,,,
,,,Accipiter tachiro,African Goshawk,Accipitridae
Accipiter tachiro,African Goshawk,Accipitridae,,,
,,,Accipiter fasciatus,Brown Goshawk,Accipitridae
Accipiter fasciatus,Brown Goshawk,Accipitridae,,,
Accipiter haplochrous,New Caledonia Goshawk,Accipitridae,Accipiter haplochrous,New Caledonian Goshawk,Accipitridae
Accipiter superciliosus,Tiny Hawk,Accipitridae,Microspizias superciliosus,Tiny Hawk,Accipitridae
Accipiter collaris,Semicollared Hawk,Accipitridae,Microspizias collaris,Semicollared Hawk,Accipitridae
Accipiter cirrocephalus,Collared Sparrowhawk,Accipitridae,,,
,,,Accipiter cirrocephalus,Collared Sparrowhawk,Accipitridae
Accipiter bicolor,Bicolored Hawk,Accipitridae,,,
,,,Accipiter bicolor,Bicolored Hawk,Accipitridae
,,,Accipiter chilensis,Chilean Hawk,Accipitridae
Accipiter gentilis,Northern Goshawk,Accipitridae,,,
,,,Accipiter gentilis,Eurasian Goshawk,Accipitridae
,,,Accipiter atricapillus,American Goshawk,Accipitridae
,,,Buteo buteo,Common Buzzard,Accipitridae
Buteo buteo,Common Buzzard,Accipitridae,,,
Buteo bannermani,Cape Verde Buzzard,Accipitridae,,,
,,,Buteo augur,Augur Buzzard,Accipitridae
Buteo augur,Augur Buzzard,Accipitridae,,,
Buteo archeri,Archer's Buzzard,Accipitridae,,,
Phalcoboenus carunculatus,Carunculated Caracara,Falconidae,Daptrius carunculatus,Carunculated Caracara,Falconidae
Phalcoboenus megalopterus,Mountain Caracara,Falconidae,Daptrius megalopterus,Mountain Caracara,Falconidae
Phalcoboenus albogularis,White-throated Caracara,Falconidae,Daptrius albogularis,White-throated Caracara,Falconidae
Phalcoboenus australis,Striated Caracara,Falconidae,Daptrius australis,Striated Caracara,Falconidae
Milvago chimachima,Yellow-headed Caracara,Falconidae,Daptrius chimachima,Yellow-headed Caracara,Falconidae
Milvago chimango,Chimango Caracara,Falconidae,Daptrius chimango,Chimango Caracara,Falconidae
Polihierax insignis,White-rumped Falcon,Falconidae,Neohierax insignis,White-rumped Falcon,Falconidae
Megapodius nicobariensis,Nicobar Scrubfowl,Megapodiidae,Megapodius nicobariensis,Nicobar Megapode,Megapodiidae
Megapodius cumingii,Tabon Scrubfowl,Megapodiidae,Megapodius cumingii,Philippine Megapode,Megapodiidae
Megapodius bernsteinii,Sula Scrubfowl,Megapodiidae,Megapodius bernsteinii,Sula Megapode,Megapodiidae
Megapodius reinwardt,Orange-footed Scrubfowl,Megapodiidae,Megapodius reinwardt,Orange-footed Megapode,Megapodiidae
Megapodius forsteni,Forsten's Scrubfowl,Megapodiidae,,,
Megapodius tenimberensis,Tanimbar Scrubfowl,Megapodiidae,Megapodius tenimberensis,Tanimbar Megapode,Megapodiidae
,,,Megapodius freycinet,Dusky Megapode,Megapodiidae
Megapodius freycinet,Dusky Scrubfowl,Megapodiidae,,,
Megapodius geelvinkianus,Biak Scrubfowl,Megapodiidae,Megapodius geelvinkianus,Biak Megapode,Megapodiidae
Megapodius decollatus,New Guinea Scrubfowl,Megapodiidae,Megapodius decollatus,New Guinea Megapode,Megapodiidae
Megapodius eremita,Melanesian Scrubfowl,Megapodiidae,Megapodius eremita,Melanesian Megapode,Megapodiidae
Megapodius layardi,Vanuatu Scrubfowl,Megapodiidae,Megapodius layardi,Vanuatu Megapode,Megapodiidae
Megapodius laperouse,Micronesian Scrubfowl,Megapodiidae,Megapodius laperouse,Micronesian Megapode,Megapodiidae
Megapodius pritchardii,Niuafoou Scrubfowl,Megapodiidae,Megapodius pritchardii,Tongan Megapode,Megapodiidae
Eulipoa wallacei,Moluccan Scrubfowl,Megapodiidae,Eulipoa wallacei,Moluccan Megapode,Megapodiidae
Penelope perspicax,Cauca Guan,Cracidae,Penelope perspicax,Cauca Guan,Cracidae
Pipile cumanensis,Blue-throated Piping-Guan,Cracidae,,,
,,,Pipile cumanensis,Blue-throated Piping-Guan,Cracidae
,,,Pipile grayi,White-throated Piping-Guan,Cracidae
Tetraophasis obscurus,Verreaux's Partridge,Phasianidae,Tetraophasis obscurus,Chestnut-throated Monal-Partridge,Phasianidae
Tetraophasis szechenyii,Szechenyi's Partridge,Phasianidae,Tetraophasis szechenyii,Buff-throated Monal-Partridge,Phasianidae
Scleroptila psilolaema,Moorland Francolin,Phasianidae,,,
,,,Scleroptila psilolaema,Moorland Francolin,Phasianidae
,,,Scleroptila elgonensis,Elgon Francolin,Phasianidae
Scleroptila shelleyi,Shelley's Francolin,Phasianidae,,,
,,,Scleroptila shelleyi,Shelley's Francolin,Phasianidae
,,,Scleroptila whytei,Whyte's Francolin,Phasianidae
Pternistis ahantensis,Ahanta Francolin,Phasianidae,Pternistis ahantensis,Ahanta Spurfowl,Phasianidae
Pternistis squamatus,Scaly Francolin,Phasianidae,Pternistis squamatus,Scaly Spurfowl,Phasianidae
Pternistis griseostriatus,Gray-striped Francolin,Phasianidae,Pternistis griseostriatus,Gray-striped Spurfowl,Phasianidae
Ptilopachus nahani,Nahan's Francolin,Odontophoridae,Ptilopachus nahani,Nahan's Partridge,Odontophoridae
Pternistis hartlaubi,Hartlaub's Francolin,Phasianidae,Pternistis hartlaubi,Hartlaub's Spurfowl,Phasianidae
Pternistis hildebrandti,Hildebrandt's Francolin,Phasianidae,Pternistis hildebrandti,Hildebrandt's Spurfowl,Phasianidae
Pternistis natalensis,Natal Francolin,Phasianidae,Pternistis natalensis,Natal Spurfowl,Phasianidae
Pternistis bicalcaratus,Double-spurred Francolin,Phasianidae,Pternistis bicalcaratus,Double-spurred Spurfowl,Phasianidae
Pternistis clappertoni,Clapperton's Francolin,Phasianidae,Pternistis clappertoni,Clapperton's Spurfowl,Phasianidae
Pternistis icterorhynchus,Heuglin's Francolin,Phasianidae,Pternistis icterorhynchus,Heuglin's Spurfowl,Phasianidae
Pternistis harwoodi,Harwood's Francolin,Phasianidae,Pternistis harwoodi,Harwood's Spurfowl,Phasianidae
Pternistis capensis,Cape Francolin,Phasianidae,Pternistis capensis,Cape Spurfowl,Phasianidae
Pternistis adspersus,Red-billed Francolin,Phasianidae,Pternistis adspersus,Red-billed Spurfowl,Phasianidae
Pternistis camerunensis,Cameroon Francolin,Phasianidae,Pternistis camerunensis,Mount Cameroon Spurfowl,Phasianidae
Pternistis swierstrai,Swierstra's Francolin,Phasianidae,Pternistis swierstrai,Swierstra's Spurfowl,Phasianidae
Pternistis erckelii,Erckel's Francolin,Phasianidae,Pternistis erckelii,Erckel's Spurfowl,Phasianidae
Pternistis ochropectus,Djibouti Francolin,Phasianidae,Pternistis ochropectus,Djibouti Spurfowl,Phasianidae
,,,Pternistis castaneicollis,Chestnut-naped Spurfowl,Phasianidae
Pternistis castaneicollis,Chestnut-naped Francolin,Phasianidae,,,
Pternistis atrifrons,Black-fronted Francolin,Phasianidae,,,
Pternistis nobilis,Handsome Francolin,Phasianidae,Pternistis nobilis,Handsome Spurfowl,Phasianidae
Pternistis jacksoni,Jackson's Francolin,Phasianidae,Pternistis jacksoni,Jackson's Spurfowl,Phasianidae
Pternistis leucoscepus,Yellow-necked Francolin,Phasianidae,Pternistis leucoscepus,Yellow-necked Spurfowl,Phasianidae
Pternistis rufopictus,Gray-breasted Francolin,Phasianidae,Pternistis rufopictus,Gray-breasted Spurfowl,Phasianidae
Pternistis afer,Red-necked Francolin,Phasianidae,Pternistis afer,Red-necked Spurfowl,Phasianidae
Pternistis swainsonii,Swainson's Francolin,Phasianidae,Pternistis swainsonii,Swainson's Spurfowl,Phasianidae
Tropicoperdix charltonii,Chestnut-necklaced Partridge,Phasianidae,,,
,,,Tropicoperdix charltonii,Chestnut-necklaced Partridge,Phasianidae
,,,Tropicoperdix graydoni,Sabah Partridge,Phasianidae
Lophura erythrophthalma,Crestless Fireback,Phasianidae,,,
,,,Lophura erythrophthalma,Malayan Crestless Fireback,Phasianidae
,,,Lophura pyronota,Bornean Crestless Fireback,Phasianidae
Lophura ignita,Crested Fireback,Phasianidae,,,
,,,Lophura ignita,Bornean Crested Fireback,Phasianidae
,,,Lophura rufa,Malayan Crested Fireback,Phasianidae
Syrmaticus humiae,Hume's Pheasant,Phasianidae,Syrmaticus humiae,Mrs. Hume's Pheasant,Phasianidae
Phasianus colchicus,Ring-necked Pheasant,Phasianidae,,,
,,,Phasianus colchicus,Ring-necked Pheasant,Phasianidae
,,,Phasianus versicolor,Green Pheasant,Phasianidae
Guttera pucherani,Crested Guineafowl,Numididae,,,
,,,Guttera pucherani,Eastern Crested Guineafowl,Numididae
,,,Guttera edouardi,Southern Crested Guineafowl,Numididae
,,,Guttera verreauxi,Western Crested Guineafowl,Numididae
Turnix varius,Painted Buttonquail,Turnicidae,,,
,,,Turnix varius,Painted Buttonquail,Turnicidae
,,,Turnix novaecaledoniae,New Caledonian Buttonquail,Turnicidae
Mentocrex kioloides,Madagascar Wood-Rail,Sarothruridae,Mentocrex kioloides,Madagascar Forest Rail,Sarothruridae
Mentocrex beankaensis,Tsingy Wood-Rail,Sarothruridae,Mentocrex beankaensis,Tsingy Forest Rail,Sarothruridae
Micropygia schomburgkii,Ocellated Crake,Rallidae,Rufirallus schomburgkii,Ocellated Crake,Rallidae
Rallina rubra,Chestnut Forest-Rail,Rallidae,Rallicula rubra,Chestnut Forest Rail,Sarothruridae
Rallina leucospila,White-striped Forest-Rail,Rallidae,Rallicula leucospila,White-striped Forest Rail,Sarothruridae
Rallina forbesi,Forbes's Rail,Rallidae,Rallicula forbesi,Forbes's Forest Rail,Sarothruridae
Rallina mayri,Mayr's Rail,Rallidae,Rallicula mayri,Mayr's Forest Rail,Sarothruridae
Anurolimnas castaneiceps,Chestnut-headed Crake,Rallidae,Rufirallus castaneiceps,Chestnut-headed Crake,Rallidae
Anurolimnas viridis,Russet-crowned Crake,Rallidae,Rufirallus viridis,Russet-crowned Crake,Rallidae
Mundia elpenor,Ascension Crake,Rallidae,Mundia elpenor,Ascension Crake,Rallidae
Cyanolimnas cerverai,Zapata Rail,Rallidae,Mustelirallus cerverai,Zapata Rail,Rallidae
Porphyrio hochstetteri,South Island Takahe,Rallidae,Porphyrio hochstetteri,South Island Takahe,Rallidae
Eupodotis savilei,Savile's Bustard,Otididae,Lophotis savilei,Savile's Bustard,Otididae
Eupodotis gindiana,Buff-crested Bustard,Otididae,Lophotis gindiana,Buff-crested Bustard,Otididae
Eupodotis ruficrista,Red-crested Bustard,Otididae,Lophotis ruficrista,Red-crested Bustard,Otididae
Eupodotis afraoides,White-quilled Bustard,Otididae,Afrotis afraoides,White-quilled Bustard,Otididae
Eupodotis afra,Black Bustard,Otididae,Afrotis afra,Black Bustard,Otididae
Eupodotis rueppelii,Rüppell's Bustard,Otididae,Heterotetrax rueppelii,Rüppell's Bustard,Otididae
Eupodotis vigorsii,Karoo Bustard,Otididae,Heterotetrax vigorsii,Karoo Bustard,Otididae
Eupodotis humilis,Little Brown Bustard,Otididae,Heterotetrax humilis,Little Brown Bustard,Otididae
Gallinago paraguaiae,Paraguayan Snipe,Scolopacidae,Gallinago paraguaiae,Pantanal Snipe,Scolopacidae
Burhinus bistriatus,Double-striped Thick-knee,Burhinidae,Hesperoburhinus bistriatus,Double-striped Thick-knee,Burhinidae
Burhinus superciliaris,Peruvian Thick-knee,Burhinidae,Hesperoburhinus superciliaris,Peruvian Thick-knee,Burhinidae
Charadrius obscurus,Red-breasted Dotterel,Charadriidae,Anarhynchus obscurus,Red-breasted Dotterel,Charadriidae
Charadrius wilsonia,Wilson's Plover,Charadriidae,Anarhynchus wilsonia,Wilson's Plover,Charadriidae
Charadrius thoracicus,Madagascar Plover,Charadriidae,Anarhynchus thoracicus,Madagascar Plover,Charadriidae
Charadrius sanctaehelenae,St. Helena Plover,Charadriidae,Anarhynchus sanctaehelenae,St. Helena Plover,Charadriidae
Charadrius pecuarius,Kittlitz's Plover,Charadriidae,Anarhynchus pecuarius,Kittlitz's Plover,Charadriidae
Charadrius pallidus,Chestnut-banded Plover,Charadriidae,Anarhynchus pallidus,Chestnut-banded Plover,Charadriidae
Charadrius alexandrinus,Kentish Plover,Charadriidae,Anarhynchus alexandrinus,Kentish Plover,Charadriidae
Charadrius dealbatus,White-faced Plover,Charadriidae,Anarhynchus dealbatus,White-faced Plover,Charadriidae
Charadrius nivosus,Snowy Plover,Charadriidae,Anarhynchus nivosus,Snowy Plover,Charadriidae
Charadrius marginatus,White-fronted Plover,Charadriidae,Anarhynchus marginatus,White-fronted Plover,Charadriidae
Charadrius ruficapillus,Red-capped Plover,Charadriidae,Anarhynchus ruficapillus,Red-capped Plover,Charadriidae
Charadrius peronii,Malaysian Plover,Charadriidae,Anarhynchus peronii,Malaysian Plover,Charadriidae
Charadrius javanicus,Javan Plover,Charadriidae,Anarhynchus javanicus,Javan Plover,Charadriidae
Charadrius collaris,Collared Plover,Charadriidae,Anarhynchus collaris,Collared Plover,Charadriidae
Charadrius bicinctus,Double-banded Plover,Charadriidae,Anarhynchus bicinctus,Double-banded Plover,Charadriidae
Charadrius alticola,Puna Plover,Charadriidae,Anarhynchus alticola,Puna Plover,Charadriidae
Charadrius falklandicus,Two-banded Plover,Charadriidae,Anarhynchus falklandicus,Two-banded Plover,Charadriidae
Charadrius mongolus,Lesser Sand-Plover,Charadriidae,,,
,,,Anarhynchus mongolus,Siberian Sand-Plover,Charadriidae
,,,Anarhynchus atrifrons,Tibetan Sand-Plover,Charadriidae
Charadrius leschenaultii,Greater Sand-Plover,Charadriidae,Anarhynchus leschenaultii,Greater Sand-Plover,Charadriidae
Charadrius asiaticus,Caspian Plover,Charadriidae,Anarhynchus asiaticus,Caspian Plover,Charadriidae
Charadrius veredus,Oriental Plover,Charadriidae,Anarhynchus veredus,Oriental Plover,Charadriidae
Charadrius montanus,Mountain Plover,Charadriidae,Anarhynchus montanus,Mountain Plover,Charadriidae
Charadrius modestus,Rufous-chested Dotterel,Charadriidae,Zonibyx modestus,Rufous-chested Dotterel,Charadriidae
Thinornis cucullatus,Hooded Plover,Charadriidae,Charadrius cucullatus,Hooded Plover,Charadriidae
Thinornis novaeseelandiae,Shore Plover,Charadriidae,Charadrius novaeseelandiae,Shore Plover,Charadriidae
Charadrius morinellus,Eurasian Dotterel,Charadriidae,Eudromias morinellus,Eurasian Dotterel,Charadriidae
Elseyornis melanops,Black-fronted Dotterel,Charadriidae,Charadrius melanops,Black-fronted Dotterel,Charadriidae
Vanellus albiceps,White-headed Lapwing,Charadriidae,Vanellus albiceps,White-crowned Lapwing,Charadriidae
Vanellus cayanus,Pied Lapwing,Charadriidae,Hoploxypterus cayanus,Pied Plover,Charadriidae
Gelochelidon nilotica,Gull-billed Tern,Laridae,,,
,,,Gelochelidon nilotica,Gull-billed Tern,Laridae
,,,Gelochelidon macrotarsa,Australian Tern,Laridae
Columba janthina,Japanese Wood-Pigeon,Columbidae,Columba janthina,Black Wood-Pigeon,Columbidae
Streptopelia picturata,Malagasy Turtle-Dove,Columbidae,Nesoenas picturatus,Malagasy Turtle-Dove,Columbidae
Columba larvata,Lemon Dove,Columbidae,Aplopelia larvata,Lemon Dove,Columbidae
,,,Nesoenas mayeri,Pink Pigeon,Columbidae
Nesoenas mayeri,Pink Pigeon,Columbidae,,,
Nesoenas duboisi,Reunion Pigeon,Columbidae,,,
Streptopelia senegalensis,Laughing Dove,Columbidae,Spilopelia senegalensis,Laughing Dove,Columbidae
Streptopelia chinensis,Spotted Dove,Columbidae,Spilopelia chinensis,Spotted Dove,Columbidae
Streptopelia decaocto,Eurasian Collared-Dove,Columbidae,,,
,,,Streptopelia decaocto,Eurasian Collared-Dove,Columbidae
,,,Streptopelia xanthocycla,Burmese Collared-Dove,Columbidae
Alopecoenas jobiensis,White-bibbed Ground Dove,Columbidae,Pampusana jobiensis,White-bibbed Ground Dove,Columbidae
Alopecoenas kubaryi,Caroline Islands Ground Dove,Columbidae,Pampusana kubaryi,Caroline Islands Ground Dove,Columbidae
Alopecoenas erythropterus,Polynesian Ground Dove,Columbidae,Pampusana erythroptera,Polynesian Ground Dove,Columbidae
Alopecoenas xanthonurus,White-throated Ground Dove,Columbidae,Pampusana xanthonura,White-throated Ground Dove,Columbidae
Alopecoenas norfolkensis,Norfolk Ground Dove,Columbidae,Pampusana norfolkensis,Norfolk Ground Dove,Columbidae
Alopecoenas stairi,Shy Ground Dove,Columbidae,Pampusana stairi,Shy Ground Dove,Columbidae
Alopecoenas sanctaecrucis,Santa Cruz Ground Dove,Columbidae,Pampusana sanctaecrucis,Santa Cruz Ground Dove,Columbidae
Alopecoenas ferrugineus,Tanna Ground Dove,Columbidae,Pampusana ferruginea,Tanna Ground Dove,Columbidae
Alopecoenas salamonis,Thick-billed Ground Dove,Columbidae,Pampusana salamonis,Thick-billed Ground Dove,Columbidae
Alopecoenas rubescens,Marquesas Ground Dove,Columbidae,Pampusana rubescens,Marquesas Ground Dove,Columbidae
Alopecoenas beccarii,Bronze Ground Dove,Columbidae,Pampusana beccarii,Bronze Ground Dove,Columbidae
Alopecoenas canifrons,Palau Ground Dove,Columbidae,Pampusana canifrons,Palau Ground Dove,Columbidae
Alopecoenas hoedtii,Wetar Ground Dove,Columbidae,Pampusana hoedtii,Wetar Ground Dove,Columbidae
Treron griveaudi,Comoros Green-Pigeon,Columbidae,Treron griveaudi,Comoro Green-Pigeon,Columbidae
Treron oxyurus,Green-spectacled Green-Pigeon,Columbidae,Treron oxyurus,Sumatran Green-Pigeon,Columbidae
Ptilinopus purpuratus,Gray-green Fruit-Dove,Columbidae,,,
,,,Ptilinopus purpuratus,Gray-green Fruit-Dove,Columbidae
,,,Ptilinopus chrysogaster,Raiatea Fruit-Dove,Columbidae
Ptilinopus solomonensis,Yellow-bibbed Fruit-Dove,Columbidae,,,
,,,Ptilinopus solomonensis,Yellow-bibbed Fruit-Dove,Columbidae
,,,Ptilinopus speciosus,Geelvink Fruit-Dove,Columbidae
Alectroenas payandeei,Rodrigues Blue-Pigeon,Columbidae,Alectroenas payandeei,Rodrigues Blue-Pigeon,Columbidae
Ducula aenea,Green Imperial-Pigeon,Columbidae,,,
,,,Ducula aenea,Green Imperial-Pigeon,Columbidae
,,,Ducula oenothorax,Enggano Imperial-Pigeon,Columbidae
Ducula myristicivora,Spice Imperial-Pigeon,Columbidae,,,
,,,Ducula myristicivora,Spice Imperial-Pigeon,Columbidae
,,,Ducula geelvinkiana,Geelvink Imperial-Pigeon,Columbidae
Ducula badia,Mountain Imperial-Pigeon,Columbidae,,,
,,,Ducula badia,Mountain Imperial-Pigeon,Columbidae
,,,Ducula cuprea,Malabar Imperial-Pigeon,Columbidae
Saudareos ornatus,Ornate Lorikeet,Psittaculidae,Saudareos ornata,Ornate Lorikeet,Psittaculidae
Trichoglossus haematodus,Coconut Lorikeet,Psittaculidae,,,
,,,Trichoglossus haematodus,Coconut Lorikeet,Psittaculidae
,,,Trichoglossus rosenbergii,Biak Lorikeet,Psittaculidae
Glossoptila goldiei,Goldie's Lorikeet,Psittaculidae,Glossoptilus goldiei,Goldie's Lorikeet,Psittaculidae
Vini solitarius,Collared Lory,Psittaculidae,Vini solitaria,Collared Lory,Psittaculidae
Charmosyna papou,Papuan Lorikeet,Psittaculidae,,,
,,,Charmosyna papou,West Papuan Lorikeet,Psittaculidae
,,,Charmosyna stellae,Stella's Lorikeet,Psittaculidae
Calyptorhynchus baudinii,Baudin's Black-Cockatoo,Cacatuidae,Zanda baudinii,Baudin's Black-Cockatoo,Cacatuidae
Calyptorhynchus latirostris,Carnaby's Black-Cockatoo,Cacatuidae,Zanda latirostris,Carnaby's Black-Cockatoo,Cacatuidae
Calyptorhynchus funereus,Yellow-tailed Black-Cockatoo,Cacatuidae,Zanda funerea,Yellow-tailed Black-Cockatoo,Cacatuidae
Lophochroa leadbeateri,Pink Cockatoo,Cacatuidae,Cacatua leadbeateri,Pink Cockatoo,Cacatuidae
Cacatua sulphurea,Yellow-crested Cockatoo,Cacatuidae,,,
,,,Cacatua sulphurea,Yellow-crested Cockatoo,Cacatuidae
,,,Cacatua citrinocristata,Citron-crested Cockatoo,Cacatuidae
Cyclopsitta gulielmitertii,Orange-breasted Fig-Parrot,Psittaculidae,,,
,,,Cyclopsitta gulielmitertii,Blue-fronted Fig-Parrot,Psittaculidae
,,,Cyclopsitta melanogenia,Dusky-cheeked Fig-Parrot,Psittaculidae
,,,Cyclopsitta nigrifrons,Black-fronted Fig-Parrot,Psittaculidae
Psittinus cyanurus,Blue-rumped Parrot,Psittaculidae,,,
,,,Psittinus cyanurus,Blue-rumped Parrot,Psittaculidae
,,,Psittinus abbotti,Simeulue Parrot,Psittaculidae
Tanygnathus sumatranus,Azure-rumped Parrot,Psittaculidae,,,
,,,Tanygnathus sumatranus,Azure-rumped Parrot,Psittaculidae
,,,Tanygnathus everetti,Blue-backed Parrot,Psittaculidae
Eclectus roratus,Eclectus Parrot,Psittaculidae,,,
,,,Eclectus roratus,Moluccan Eclectus,Psittaculidae
,,,Eclectus cornelia,Sumba Eclectus,Psittaculidae
,,,Eclectus riedeli,Tanimbar Eclectus,Psittaculidae
,,,Eclectus polychloros,Papuan Eclectus,Psittaculidae
Eclectus infectus,Oceanic Parrot,Psittaculidae,Eclectus infectus,Oceanic Eclectus,Psittaculidae
Barnardius zonarius,Australian Ringneck,Psittaculidae,Barnardius zonarius,Australian Ringneck,Psittaculidae
Psephotus varius,Mulga Parrot,Psittaculidae,Psephotellus varius,Mulga Parrot,Psittaculidae
Psephotus dissimilis,Hooded Parrot,Psittaculidae,Psephotellus dissimilis,Hooded Parrot,Psittaculidae
Psephotus chrysopterygius,Golden-shouldered Parrot,Psittaculidae,Psephotellus chrysopterygius,Golden-shouldered Parrot,Psittaculidae
Psephotus pulcherrimus,Paradise Parrot,Psittaculidae,Psephotellus pulcherrimus,Paradise Parrot,Psittaculidae
Cyanoramphus novaezelandiae,Red-crowned Parakeet,Psittaculidae,,,
,,,Cyanoramphus novaezelandiae,Red-crowned Parakeet,Psittaculidae
,,,Cyanoramphus erythrotis,Macquarie Parakeet,Psittaculidae
Mascarinus mascarin,Mascarene Parrot,Psittaculidae,Mascarinus mascarinus,Mascarene Parrot,Psittaculidae
Coracopsis nigra,Lesser Vasa Parrot,Psittaculidae,,,
,,,Coracopsis nigra,Lesser Vasa Parrot,Psittaculidae
,,,Coracopsis sibilans,Comoro Black Parrot,Psittaculidae
Psittacus erithacus,Gray Parrot,Psittacidae,,,
,,,Psittacus erithacus,Gray Parrot,Psittacidae
,,,Psittacus timneh,Timneh Parrot,Psittacidae
Loriculus philippensis,Philippine Hanging-Parrot,Psittaculidae,,,
,,,Loriculus philippensis,Philippine Hanging-Parrot,Psittaculidae
,,,Loriculus bonapartei,Black-billed Hanging-Parrot,Psittaculidae
Psittacara wagleri,Scarlet-fronted Parakeet,Psittacidae,,,
,,,Psittacara wagleri,Scarlet-fronted Parakeet,Psittacidae
,,,Psittacara frontatus,Cordilleran Parakeet,Psittacidae
Amazona autumnalis,Red-lored Parrot,Psittacidae,Amazona autumnalis,Red-lored Parrot,Psittacidae
Tauraco leucotis,White-cheeked Turaco,Musophagidae,Menelikornis leucotis,White-cheeked Turaco,Musophagidae
Tauraco ruspolii,Prince Ruspoli's Turaco,Musophagidae,Menelikornis ruspolii,Prince Ruspoli's Turaco,Musophagidae
Ruwenzorornis johnstoni,Rwenzori Turaco,Musophagidae,Gallirex johnstoni,Rwenzori Turaco,Musophagidae
Tauraco porphyreolophus,Purple-crested Turaco,Musophagidae,Gallirex porphyreolophus,Purple-crested Turaco,Musophagidae
Corythaixoides concolor,Gray Go-away-bird,Musophagidae,Crinifer concolor,Gray Go-away-bird,Musophagidae
Corythaixoides personatus,Bare-faced Go-away-bird,Musophagidae,Crinifer personatus,Bare-faced Go-away-bird,Musophagidae
Corythaixoides leucogaster,White-bellied Go-away-bird,Musophagidae,Crinifer leucogaster,White-bellied Go-away-bird,Musophagidae
Cacomantis leucolophus,White-crowned Koel,Cuculidae,Cacomantis leucolophus,White-crowned Cuckoo,Cuculidae
Tyto inexspectata,Minahassa Masked-Owl,Tytonidae,Tyto inexspectata,Minahasa Masked-Owl,Tytonidae
Phodilus prigoginei,Congo Bay-Owl,Tytonidae,Tyto prigoginei,Itombwe Owl,Tytonidae
Otus manadensis,Sulawesi Scops-Owl,Strigidae,,,
,,,Otus manadensis,Sulawesi Scops-Owl,Strigidae
,,,Otus mendeni,Banggai Scops-Owl,Strigidae
Otus magicus,Moluccan Scops-Owl,Strigidae,,,
,,,Otus magicus,Moluccan Scops-Owl,Strigidae
,,,Otus tempestatis,Wetar Scops-Owl,Strigidae
,,,Otus rutilus,Madagascar Scops-Owl,Strigidae
Otus rutilus,Madagascar Scops-Owl,Strigidae,,,
Otus madagascariensis,Torotoroka Scops-Owl,Strigidae,,,
,,,Otus bikegila,Principe Scops-Owl,Strigidae
,,,Megascops ingens,Rufescent Screech-Owl,Strigidae
Megascops ingens,Rufescent Screech-Owl,Strigidae,,,
Pyrroglaux podargina,Palau Owl,Strigidae,Otus podarginus,Palau Scops-Owl,Strigidae
Megascops albogularis,White-throated Screech-Owl,Strigidae,,,
,,,Megascops albogularis,White-throated Screech-Owl,Strigidae
Bubo virginianus,Great Horned Owl,Strigidae,,,
,,,Bubo virginianus,Great Horned Owl,Strigidae
,,,Bubo magellanicus,Lesser Horned Owl,Strigidae
,,,Ketupa poensis,Fraser's Eagle-Owl,Strigidae
Bubo poensis,Fraser's Eagle-Owl,Strigidae,,,
Bubo vosseleri,Usambara Eagle-Owl,Strigidae,,,
Bubo nipalensis,Spot-bellied Eagle-Owl,Strigidae,Ketupa nipalensis,Spot-bellied Eagle-Owl,Strigidae
Bubo sumatranus,Barred Eagle-Owl,Strigidae,Ketupa sumatrana,Barred Eagle-Owl,Strigidae
Bubo shelleyi,Shelley's Eagle-Owl,Strigidae,Ketupa shelleyi,Shelley's Eagle-Owl,Strigidae
Bubo lacteus,Verreaux's Eagle-Owl,Strigidae,Ketupa lactea,Verreaux's Eagle-Owl,Strigidae
Bubo coromandus,Dusky Eagle-Owl,Strigidae,Ketupa coromanda,Dusky Eagle-Owl,Strigidae
Bubo leucostictus,Akun Eagle-Owl,Strigidae,Ketupa leucosticta,Akun Eagle-Owl,Strigidae
Bubo philippensis,Philippine Eagle-Owl,Strigidae,Ketupa philippensis,Philippine Eagle-Owl,Strigidae
Ketupa blakistoni,Blakiston's Fish-Owl,Strigidae,Ketupa blakistoni,Blakiston's Fish-Owl,Strigidae
Ketupa zeylonensis,Brown Fish-Owl,Strigidae,Ketupa zeylonensis,Brown Fish-Owl,Strigidae
Ketupa flavipes,Tawny Fish-Owl,Strigidae,Ketupa flavipes,Tawny Fish-Owl,Strigidae
Ketupa ketupu,Buffy Fish-Owl,Strigidae,Ketupa ketupu,Buffy Fish-Owl,Strigidae
,,,Strix uralensis,Ural Owl,Strigidae
Strix uralensis,Ural Owl,Strigidae,,,
Strix davidi,Pere David's Owl,Strigidae,,,
Ciccaba virgata,Mottled Owl,Strigidae,Strix virgata,Mottled Owl,Strigidae
Ciccaba nigrolineata,Black-and-white Owl,Strigidae,Strix nigrolineata,Black-and-white Owl,Strigidae
Ciccaba huhula,Black-banded Owl,Strigidae,Strix huhula,Black-banded Owl,Strigidae
Ciccaba albitarsis,Rufous-banded Owl,Strigidae,Strix albitarsis,Rufous-banded Owl,Strigidae
,,,Glaucidium capense,African Barred Owlet,Strigidae
Glaucidium capense,African Barred Owlet,Strigidae,,,
Glaucidium castaneum,Chestnut Owlet,Strigidae,,,
,,,Ninox connivens,Barking Owl,Strigidae
Ninox connivens,Barking Owl,Strigidae,,,
Ninox boobook,Southern Boobook,Strigidae,,,
,,,Ninox boobook,Southern Boobook,Strigidae
Ninox novaeseelandiae,Morepork,Strigidae,,,
,,,Ninox novaeseelandiae,Morepork,Strigidae
,,,Ninox leucopsis,Tasmanian Boobook,Strigidae
Ninox jacquinoti,Solomons Boobook,Strigidae,,,
,,,Athene jacquinoti,West Solomons Owl,Strigidae
,,,Athene granti,Guadalcanal Owl,Strigidae
,,,Athene malaitae,Malaita Owl,Strigidae
,,,Athene roseoaxillaris,Makira Owl,Strigidae
Sceloglaux albifacies,Laughing Owl,Strigidae,Ninox albifacies,Laughing Owl,Strigidae
Aegotheles archboldi,Archbold's Owlet-nightjar,Aegothelidae,,,
,,,Aegotheles albertisi,Mountain Owlet-nightjar,Aegothelidae
Aegotheles albertisi,Mountain Owlet-nightjar,Aegothelidae,,,
Nyctibius bracteatus,Rufous Potoo,Nyctibiidae,Phyllaemulor bracteatus,Rufous Potoo,Nyctibiidae
Antrostomus cubanensis,Greater Antillean Nightjar,Caprimulgidae,,,
,,,Antrostomus cubanensis,Cuban Nightjar,Caprimulgidae
,,,Antrostomus ekmani,Hispaniolan Nightjar,Caprimulgidae
Caprimulgus binotatus,Brown Nightjar,Caprimulgidae,Veles binotatus,Brown Nightjar,Caprimulgidae
Caprimulgus donaldsoni,Donaldson-Smith's Nightjar,Caprimulgidae,Caprimulgus donaldsoni,Donaldson Smith's Nightjar,Caprimulgidae
,,,Caprimulgus pectoralis,Fiery-necked Nightjar,Caprimulgidae
Caprimulgus pectoralis,Fiery-necked Nightjar,Caprimulgidae,,,
Caprimulgus nigriscapularis,Black-shouldered Nightjar,Caprimulgidae,,,
,,,Caprimulgus poliocephalus,Montane Nightjar,Caprimulgidae
Caprimulgus poliocephalus,Abyssinian Nightjar,Caprimulgidae,,,
Caprimulgus ruwenzorii,Rwenzori Nightjar,Caprimulgidae,,,
Caprimulgus affinis,Savanna Nightjar,Caprimulgidae,,,
,,,Caprimulgus affinis,Savanna Nightjar,Caprimulgidae
,,,Caprimulgus griseatus,Chirruping Nightjar,Caprimulgidae
Aerodramus leucophaeus,Polynesian Swiftlet,Apodidae,Aerodramus leucophaeus,Tahiti Swiftlet,Apodidae
Mearnsia picina,Philippine Spinetailed Swift,Apodidae,Mearnsia picina,Philippine Spinetail,Apodidae
Mearnsia novaeguineae,Papuan Spinetailed Swift,Apodidae,Mearnsia novaeguineae,Papuan Spinetail,Apodidae
Zoonavena sylvatica,White-rumped Needletail,Apodidae,Zoonavena sylvatica,White-rumped Spinetail,Apodidae
Rhaphidura leucopygialis,Silver-rumped Needletail,Apodidae,Rhaphidura leucopygialis,Silver-rumped Spinetail,Apodidae
Tachornis phoenicobia,Antillean Palm-Swift,Apodidae,Tachornis phoenicobia,Antillean Palm Swift,Apodidae
Tachornis furcata,Pygmy Swift,Apodidae,Tachornis furcata,Pygmy Palm Swift,Apodidae
Tachornis squamata,Fork-tailed Palm-Swift,Apodidae,Tachornis squamata,Fork-tailed Palm Swift,Apodidae
Cypsiurus parvus,African Palm-Swift,Apodidae,Cypsiurus parvus,African Palm Swift,Apodidae
Cypsiurus gracilis,Malagasy Palm-Swift,Apodidae,Cypsiurus gracilis,Malagasy Palm Swift,Apodidae
Cypsiurus balasiensis,Asian Palm-Swift,Apodidae,Cypsiurus balasiensis,Asian Palm Swift,Apodidae
Apus melba,Alpine Swift,Apodidae,Tachymarptis melba,Alpine Swift,Apodidae
Apus aequatorialis,Mottled Swift,Apodidae,Tachymarptis aequatorialis,Mottled Swift,Apodidae
Apus alexandri,Alexander's Swift,Apodidae,Apus alexandri,Cape Verde Swift,Apodidae
,,,Pampa curvipennis,Wedge-tailed Sabrewing,Trochilidae
Pampa curvipennis,Wedge-tailed Sabrewing,Trochilidae,,,
Pampa excellens,Long-tailed Sabrewing,Trochilidae,,,
Anthracothorax prevostii,Green-breasted Mango,Trochilidae,,,
,,,Anthracothorax prevostii,Green-breasted Mango,Trochilidae
,,,Anthracothorax nigricollis,Black-throated Mango,Trochilidae
Anthracothorax nigricollis,Black-throated Mango,Trochilidae,,,
Anthracothorax dominicus,Antillean Mango,Trochilidae,,,
,,,Anthracothorax dominicus,Hispaniolan Mango,Trochilidae
,,,Anthracothorax aurulentus,Puerto Rican Mango,Trochilidae
Riccordia bracei,Brace's Emerald,Trochilidae,,,
,,,Riccordia bracei,Brace's Emerald,Trochilidae
Cynanthus latirostris,Broad-billed Hummingbird,Trochilidae,,,
,,,Cynanthus latirostris,Broad-billed Hummingbird,Trochilidae
,,,Cynanthus lawrencei,Tres Marias Hummingbird,Trochilidae
Trochilus polytmus,Streamertail,Trochilidae,,,
,,,Trochilus polytmus,Red-billed Streamertail,Trochilidae
,,,Trochilus scitulus,Black-billed Streamertail,Trochilidae
Saucerottia viridigaster,Green-bellied Hummingbird,Trochilidae,,,
,,,Saucerottia viridigaster,Green-bellied Hummingbird,Trochilidae
,,,Saucerottia cupreicauda,Copper-tailed Hummingbird,Trochilidae
Leucolia viridifrons,Green-fronted Hummingbird,Trochilidae,Ramosomyia viridifrons,Green-fronted Hummingbird,Trochilidae
Leucolia violiceps,Violet-crowned Hummingbird,Trochilidae,Ramosomyia violiceps,Violet-crowned Hummingbird,Trochilidae
Clytolaema rubricauda,Brazilian Ruby,Trochilidae,Heliodoxa rubricauda,Brazilian Ruby,Trochilidae
Coeligena torquata,Collared Inca,Trochilidae,,,
,,,Coeligena torquata,Collared Inca,Trochilidae
,,,Coeligena conradii,Green Inca,Trochilidae
,,,Coeligena inca,Gould's Inca,Trochilidae
Coeligena bonapartei,Golden-bellied Starfrontlet,Trochilidae,,,
,,,Coeligena bonapartei,Golden-bellied Starfrontlet,Trochilidae
,,,Coeligena consita,Perija Starfrontlet,Trochilidae
,,,Coeligena eos,Merida Starfrontlet,Trochilidae
,,,Heliangelus spencei,Merida Sunangel,Trochilidae
Heliangelus amethysticollis,Amethyst-throated Sunangel,Trochilidae,,,
,,,Heliangelus amethysticollis,Amethyst-throated Sunangel,Trochilidae
,,,Heliangelus clarisse,Longuemare's Sunangel,Trochilidae
Ocreatus underwoodii,Booted Racket-tail,Trochilidae,,,
,,,Ocreatus underwoodii,White-booted Racket-tail,Trochilidae
,,,Ocreatus addae,Rufous-booted Racket-tail,Trochilidae
,,,Ocreatus peruanus,Peruvian Racket-tail,Trochilidae
Trogon rufus,Black-throated Trogon,Trogonidae,,,
,,,Trogon rufus,Amazonian Black-throated Trogon,Trogonidae
,,,Trogon tenellus,Northern Black-throated Trogon,Trogonidae
,,,Trogon cupreicauda,Choco Black-throated Trogon,Trogonidae
,,,Trogon chrysochloros,Atlantic Black-throated Trogon,Trogonidae
Harpactes reinwardtii,Javan Trogon,Trogonidae,Apalharpactes reinwardtii,Javan Trogon,Trogonidae
Harpactes mackloti,Sumatran Trogon,Trogonidae,Apalharpactes mackloti,Sumatran Trogon,Trogonidae
Alcedo euryzona,Blue-banded Kingfisher,Alcedinidae,,,
,,,Alcedo euryzona,Javan Blue-banded Kingfisher,Alcedinidae
,,,Alcedo peninsulae,Malaysian Blue-banded Kingfisher,Alcedinidae
,,,Ceyx lepidus,Moluccan Dwarf-Kingfisher,Alcedinidae
Ceyx lepidus,Seram Dwarf-Kingfisher,Alcedinidae,,,
Ceyx uropygialis,North Moluccan Dwarf-Kingfisher,Alcedinidae,,,
,,,Ceyx meeki,North Solomons Dwarf-Kingfisher,Alcedinidae
Ceyx meeki,North Solomons Dwarf-Kingfisher,Alcedinidae,,,
Ceyx pallidus,Bougainville Dwarf-Kingfisher,Alcedinidae,,,
,,,Ceyx nigromaxilla,Guadalcanal Dwarf-Kingfisher,Alcedinidae
Ceyx nigromaxilla,Guadalcanal Dwarf-Kingfisher,Alcedinidae,,,
Ceyx malaitae,Malaita Dwarf-Kingfisher,Alcedinidae,,,
Ceyx fallax,Sulawesi Dwarf-Kingfisher,Alcedinidae,,,
,,,Ceyx fallax,Sulawesi Dwarf-Kingfisher,Alcedinidae
,,,Ceyx sangirensis,Sangihe Dwarf-Kingfisher,Alcedinidae
Clytoceyx rex,Shovel-billed Kookaburra,Alcedinidae,Dacelo rex,Shovel-billed Kookaburra,Alcedinidae
Cittura cyanotis,Lilac-cheeked Kingfisher,Alcedinidae,,,
,,,Cittura cyanotis,Sulawesi Lilac Kingfisher,Alcedinidae
,,,Cittura sanghirensis,Sangihe Lilac Kingfisher,Alcedinidae
,,,Todiramphus gambieri,Tuamotu Kingfisher,Alcedinidae
Todiramphus gambieri,Mangareva Kingfisher,Alcedinidae,,,
Todiramphus gertrudae,Niau Kingfisher,Alcedinidae,,,
Actenoides princeps,Scaly-breasted Kingfisher,Alcedinidae,Actenoides princeps,Scaly-breasted Kingfisher,Alcedinidae
Merops variegatus,Blue-breasted Bee-eater,Meropidae,,,
,,,Merops variegatus,Blue-breasted Bee-eater,Meropidae
,,,Merops lafresnayii,Ethiopian Bee-eater,Meropidae
Merops orientalis,Green Bee-eater,Meropidae,,,
,,,Merops orientalis,Asian Green Bee-eater,Meropidae
,,,Merops viridissimus,African Green Bee-eater,Meropidae
,,,Merops cyanophrys,Arabian Green Bee-eater,Meropidae
Brachypteracias squamiger,Scaly Ground-Roller,Brachypteraciidae,Geobiastes squamiger,Scaly Ground-Roller,Brachypteraciidae
Horizocerus albocristatus,White-crested Hornbill,Bucerotidae,,,
,,,Horizocerus albocristatus,Western Long-tailed Hornbill,Bucerotidae
,,,Horizocerus cassini,Eastern Long-tailed Hornbill,Bucerotidae
Horizocerus hartlaubi,Black Dwarf Hornbill,Bucerotidae,,,
,,,Horizocerus hartlaubi,Western Dwarf Hornbill,Bucerotidae
,,,Horizocerus granti,Eastern Dwarf Hornbill,Bucerotidae
Lophoceros fasciatus,African Pied Hornbill,Bucerotidae,,,
,,,Lophoceros fasciatus,Congo Pied Hornbill,Bucerotidae
,,,Lophoceros semifasciatus,West African Pied Hornbill,Bucerotidae
Buceros vigil,Helmeted Hornbill,Bucerotidae,Rhinoplax vigil,Helmeted Hornbill,Bucerotidae
Phoeniculus castaneiceps,Forest Woodhoopoe,Phoeniculidae,Rhinopomastus castaneiceps,Forest Scimitarbill,Phoeniculidae
Hypnelus ruficollis,Russet-throated Puffbird,Bucconidae,,,
,,,Hypnelus ruficollis,Russet-throated Puffbird,Bucconidae
,,,Hypnelus bicinctus,Two-banded Puffbird,Bucconidae
Psilopogon australis,Little Barbet,Megalaimidae,Psilopogon australis,Yellow-eared Barbet,Megalaimidae
Psilopogon duvaucelii,Blue-eared Barbet,Megalaimidae,,,
,,,Psilopogon duvaucelii,Black-eared Barbet,Megalaimidae
,,,Psilopogon cyanotis,Blue-eared Barbet,Megalaimidae
Stactolaema olivacea,Green Barbet,Lybiidae,Cryptolybia olivacea,Green Barbet,Lybiidae
Lybius melanopterus,Brown-breasted Barbet,Lybiidae,Pogonornis melanopterus,Brown-breasted Barbet,Lybiidae
Lybius minor,Black-backed Barbet,Lybiidae,Pogonornis minor,Black-backed Barbet,Lybiidae
Lybius bidentatus,Double-toothed Barbet,Lybiidae,Pogonornis bidentatus,Double-toothed Barbet,Lybiidae
Lybius dubius,Bearded Barbet,Lybiidae,Pogonornis dubius,Bearded Barbet,Lybiidae
Lybius rolleti,Black-breasted Barbet,Lybiidae,Pogonornis rolleti,Black-breasted Barbet,Lybiidae
Capito wallacei,Scarlet-banded Barbet,Capitonidae,,,
,,,Capito wallacei,Scarlet-banded Barbet,Capitonidae
,,,Capito fitzpatricki,Sira Barbet,Capitonidae
,,,Indicator minor,Lesser Honeyguide,Indicatoridae
Indicator minor,Lesser Honeyguide,Indicatoridae,,,
Indicator conirostris,Thick-billed Honeyguide,Indicatoridae,,,
Campethera maculosa,Little Green Woodpecker,Picidae,,,
,,,Campethera maculosa,Green-backed Woodpecker,Picidae
Campethera cailliautii,Green-backed Woodpecker,Picidae,,,
Campethera tullbergi,Tullberg's Woodpecker,Picidae,,,
,,,Campethera tullbergi,Tullberg's Woodpecker,Picidae
,,,Campethera taeniolaema,Fine-banded Woodpecker,Picidae
Campethera nivosa,Buff-spotted Woodpecker,Picidae,Pardipicus nivosus,Buff-spotted Woodpecker,Picidae
Campethera caroli,Brown-eared Woodpecker,Picidae,Pardipicus caroli,Brown-eared Woodpecker,Picidae
Chloropicus elachus,Little Gray Woodpecker,Picidae,Dendropicos elachus,Little Gray Woodpecker,Picidae
Chloropicus poecilolaemus,Speckle-breasted Woodpecker,Picidae,Dendropicos poecilolaemus,Speckle-breasted Woodpecker,Picidae
Chloropicus abyssinicus,Abyssinian Woodpecker,Picidae,Dendropicos abyssinicus,Abyssinian Woodpecker,Picidae
Chloropicus fuscescens,Cardinal Woodpecker,Picidae,Dendropicos fuscescens,Cardinal Woodpecker,Picidae
Chloropicus lugubris,Melancholy Woodpecker,Picidae,Dendropicos lugubris,Melancholy Woodpecker,Picidae
Chloropicus gabonensis,Gabon Woodpecker,Picidae,Dendropicos gabonensis,Gabon Woodpecker,Picidae
Chloropicus stierlingi,Stierling's Woodpecker,Picidae,Dendropicos stierlingi,Stierling's Woodpecker,Picidae
Chloropicus elliotii,Elliot's Woodpecker,Picidae,Dendropicos elliotii,Elliot's Woodpecker,Picidae
Chloropicus goertae,African Gray Woodpecker,Picidae,Dendropicos goertae,African Gray Woodpecker,Picidae
Chloropicus spodocephalus,Mountain Gray Woodpecker,Picidae,Dendropicos spodocephalus,Mountain Gray Woodpecker,Picidae
Chloropicus griseocephalus,Olive Woodpecker,Picidae,Dendropicos griseocephalus,Olive Woodpecker,Picidae
Chloropicus obsoletus,Brown-backed Woodpecker,Picidae,Dendropicos obsoletus,Brown-backed Woodpecker,Picidae
Dryobates cathpharius,Crimson-breasted Woodpecker,Picidae,,,
,,,Dryobates cathpharius,Crimson-naped Woodpecker,Picidae
,,,Dryobates pernyii,Necklaced Woodpecker,Picidae
Celeus grammicus,Scale-breasted Woodpecker,Picidae,,,
,,,Celeus undatus,Waved Woodpecker,Picidae
Celeus undatus,Waved Woodpecker,Picidae,,,
Dinopium rafflesii,Olive-backed Woodpecker,Picidae,Gecinulus rafflesii,Olive-backed Woodpecker,Picidae
Chrysocolaptes guttacristatus,Greater Flameback,Picidae,,,
,,,Chrysocolaptes guttacristatus,Greater Flameback,Picidae
,,,Chrysocolaptes socialis,Malabar Flameback,Picidae
Reinwardtipicus validus,Orange-backed Woodpecker,Picidae,Chrysocolaptes validus,Orange-backed Woodpecker,Picidae
Meiglyptes tristis,Buff-rumped Woodpecker,Picidae,,,
,,,Meiglyptes tristis,Zebra Woodpecker,Picidae
,,,Meiglyptes grammithorax,Buff-rumped Woodpecker,Picidae
Pitta sordida,Hooded Pitta,Pittidae,,,
,,,Pitta sordida,Western Hooded Pitta,Pittidae
,,,Pitta novaeguineae,Eastern Hooded Pitta,Pittidae
,,,Pitta abbotti,Nicobar Hooded Pitta,Pittidae
,,,Pitta forsteni,Minahasa Hooded Pitta,Pittidae
,,,Pitta rosenbergii,Biak Hooded Pitta,Pittidae
Erythropitta erythrogaster,Blue-breasted Pitta,Pittidae,Erythropitta erythrogaster,Philippine Pitta,Pittidae
,,,Erythropitta celebensis,Sulawesi Pitta,Pittidae
Erythropitta celebensis,Sulawesi Pitta,Pittidae,,,
Erythropitta caeruleitorques,Sangihe Pitta,Pittidae,,,
Erythropitta palliceps,Siau Pitta,Pittidae,,,
Erythropitta macklotii,Papuan Pitta,Pittidae,,,
,,,Erythropitta macklotii,South Papuan Pitta,Pittidae
,,,Erythropitta habenichti,North Papuan Pitta,Pittidae
,,,Erythropitta novaehibernicae,Bismarck Pitta,Pittidae
Erythropitta novaehibernicae,New Ireland Pitta,Pittidae,,,
Erythropitta splendida,Tabar Pitta,Pittidae,,,
Erythropitta gazellae,New Britain Pitta,Pittidae,,,
Serilophus lunatus,Silver-breasted Broadbill,Eurylaimidae,,,
,,,Serilophus lunatus,Silver-breasted Broadbill,Eurylaimidae
,,,Serilophus rubropygius,Gray-lored Broadbill,Eurylaimidae
,,,Phyllomyias zeledoni,White-fronted Tyrannulet,Tyrannidae
Phyllomyias burmeisteri,Rough-legged Tyrannulet,Tyrannidae,,,
,,,Phyllomyias burmeisteri,Rough-legged Tyrannulet,Tyrannidae
Phaeomyias murina,Mouse-colored Tyrannulet,Tyrannidae,,,
,,,Nesotriccus murinus,Southern Mouse-colored Tyrannulet,Tyrannidae
,,,Nesotriccus incomtus,Northern Mouse-colored Tyrannulet,Tyrannidae
,,,Nesotriccus maranonicus,Marañon Tyrannulet,Tyrannidae
,,,Nesotriccus tumbezanus,Tumbes Tyrannulet,Tyrannidae
Nesotriccus ridgwayi,Cocos Flycatcher,Tyrannidae,Nesotriccus ridgwayi,Cocos Tyrannulet,Tyrannidae
Myiopagis caniceps,Gray Elaenia,Tyrannidae,,,
,,,Myiopagis caniceps,Gray-headed Elaenia,Tyrannidae
,,,Myiopagis cinerea,Amazonian Elaenia,Tyrannidae
,,,Myiopagis parambae,Choco Elaenia,Tyrannidae
,,,Serpophaga subcristata,White-crested Tyrannulet,Tyrannidae
Serpophaga subcristata,White-crested Tyrannulet,Tyrannidae,,,
Serpophaga munda,White-bellied Tyrannulet,Tyrannidae,,,
Stigmatura napensis,Lesser Wagtail-Tyrant,Tyrannidae,,,
,,,Stigmatura napensis,Lesser Wagtail-Tyrant,Tyrannidae
,,,Stigmatura bahiae,Bahia Wagtail-Tyrant,Tyrannidae
Tachuris rubrigastra,Many-colored Rush Tyrant,Tyrannidae,Tachuris rubrigastra,Many-colored Rush Tyrant,Tyrannidae
Euscarthmus meloryphus,Rufous-crowned Pygmy-Tyrant,Tyrannidae,Euscarthmus meloryphus,Fulvous-crowned Scrub-Tyrant,Tyrannidae
Euscarthmus fulviceps,Fulvous-headed Pygmy-Tyrant,Tyrannidae,Euscarthmus fulviceps,Fulvous-faced Scrub-Tyrant,Tyrannidae
Euscarthmus rufomarginatus,Rufous-sided Pygmy-Tyrant,Tyrannidae,Euscarthmus rufomarginatus,Rufous-sided Scrub-Tyrant,Tyrannidae
Mionectes olivaceus,Olive-striped Flycatcher,Tyrannidae,,,
,,,Mionectes olivaceus,Olive-streaked Flycatcher,Tyrannidae
,,,Mionectes galbinus,Olive-striped Flycatcher,Tyrannidae
Phylloscartes ophthalmicus,Marble-faced Bristle-Tyrant,Tyrannidae,Pogonotriccus ophthalmicus,Marble-faced Bristle-Tyrant,Tyrannidae
Phylloscartes venezuelanus,Venezuelan Bristle-Tyrant,Tyrannidae,Pogonotriccus venezuelanus,Venezuelan Bristle-Tyrant,Tyrannidae
Phylloscartes lanyoni,Antioquia Bristle-Tyrant,Tyrannidae,Pogonotriccus lanyoni,Antioquia Bristle-Tyrant,Tyrannidae
Phylloscartes orbitalis,Spectacled Bristle-Tyrant,Tyrannidae,Pogonotriccus orbitalis,Spectacled Bristle-Tyrant,Tyrannidae
Phylloscartes poecilotis,Variegated Bristle-Tyrant,Tyrannidae,Pogonotriccus poecilotis,Variegated Bristle-Tyrant,Tyrannidae
Phylloscartes eximius,Southern Bristle-Tyrant,Tyrannidae,Pogonotriccus eximius,Southern Bristle-Tyrant,Tyrannidae
Phylloscartes chapmani,Chapman's Bristle-Tyrant,Tyrannidae,Pogonotriccus chapmani,Chapman's Bristle-Tyrant,Tyrannidae
Phylloscartes paulista,Sao Paulo Tyrannulet,Tyrannidae,Pogonotriccus paulista,Sao Paulo Bristle-Tyrant,Tyrannidae
Phylloscartes difficilis,Serra do Mar Tyrannulet,Tyrannidae,Pogonotriccus difficilis,Serra do Mar Bristle-Tyrant,Tyrannidae
Rhynchocyclus olivaceus,Olivaceous Flatbill,Tyrannidae,,,
,,,Rhynchocyclus olivaceus,Eastern Olivaceous Flatbill,Tyrannidae
,,,Rhynchocyclus aequinoctialis,Western Olivaceous Flatbill,Tyrannidae
Tolmomyias sulphurescens,Yellow-olive Flycatcher,Tyrannidae,Tolmomyias sulphurescens,Yellow-olive Flatbill,Tyrannidae
Tolmomyias traylori,Orange-eyed Flycatcher,Tyrannidae,Tolmomyias traylori,Orange-eyed Flatbill,Tyrannidae
Tolmomyias assimilis,Yellow-margined Flycatcher,Tyrannidae,,,
,,,Tolmomyias assimilis,Yellow-margined Flatbill,Tyrannidae
,,,Tolmomyias flavotectus,Yellow-winged Flatbill,Tyrannidae
Tolmomyias poliocephalus,Gray-crowned Flycatcher,Tyrannidae,Tolmomyias poliocephalus,Gray-crowned Flatbill,Tyrannidae
Tolmomyias flaviventris,Yellow-breasted Flycatcher,Tyrannidae,,,
,,,Tolmomyias flaviventris,Ochre-lored Flatbill,Tyrannidae
,,,Tolmomyias viridiceps,Olive-faced Flatbill,Tyrannidae
Onychorhynchus coronatus,Royal Flycatcher,Oxyruncidae,,,
,,,Onychorhynchus coronatus,Tropical Royal Flycatcher,Oxyruncidae
,,,Onychorhynchus swainsoni,Atlantic Royal Flycatcher,Oxyruncidae
Myiophobus fasciatus,Bran-colored Flycatcher,Tyrannidae,,,
,,,Myiophobus fasciatus,Bran-colored Flycatcher,Tyrannidae
,,,Myiophobus crypterythrus,Mouse-gray Flycatcher,Tyrannidae
,,,Myiophobus rufescens,Rufescent Flycatcher,Tyrannidae
Contopus cinereus,Tropical Pewee,Tyrannidae,,,
,,,Contopus cinereus,Southern Tropical Pewee,Tyrannidae
,,,Contopus bogotensis,Northern Tropical Pewee,Tyrannidae
,,,Contopus punensis,Tumbes Pewee,Tyrannidae
,,,Empidonax difficilis,Western Flycatcher,Tyrannidae
Empidonax difficilis,Pacific-slope Flycatcher,Tyrannidae,,,
Empidonax occidentalis,Cordilleran Flycatcher,Tyrannidae,,,
Ochthoeca frontalis,Crowned Chat-Tyrant,Tyrannidae,Silvicultrix frontalis,Crowned Chat-Tyrant,Tyrannidae
Ochthoeca jelskii,Jelski's Chat-Tyrant,Tyrannidae,Silvicultrix jelskii,Jelski's Chat-Tyrant,Tyrannidae
Ochthoeca diadema,Yellow-bellied Chat-Tyrant,Tyrannidae,Silvicultrix diadema,Yellow-bellied Chat-Tyrant,Tyrannidae
Ochthoeca pulchella,Golden-browed Chat-Tyrant,Tyrannidae,Silvicultrix pulchella,Golden-browed Chat-Tyrant,Tyrannidae
Ochthoeca cinnamomeiventris,Slaty-backed Chat-Tyrant,Tyrannidae,,,
,,,Ochthoeca cinnamomeiventris,Chestnut-bellied Chat-Tyrant,Tyrannidae
,,,Ochthoeca nigrita,Blackish Chat-Tyrant,Tyrannidae
,,,Ochthoeca thoracica,Maroon-belted Chat-Tyrant,Tyrannidae
Ochthoeca fumicolor,Brown-backed Chat-Tyrant,Tyrannidae,,,
,,,Ochthoeca fumicolor,Brown-backed Chat-Tyrant,Tyrannidae
,,,Ochthoeca superciliosa,Rufous-browed Chat-Tyrant,Tyrannidae
Tumbezia salvini,Tumbes Tyrant,Tyrannidae,Ochthoeca salvini,Tumbes Chat-Tyrant,Tyrannidae
Sirystes subcanescens,Todd's Sirystes,Tyrannidae,Sirystes subcanescens,Todd's Sirystes,Tyrannidae
,,,Myiodynastes hemichrysus,Golden-bellied Flycatcher,Tyrannidae
Myiodynastes hemichrysus,Golden-bellied Flycatcher,Tyrannidae,,,
Myiodynastes chrysocephalus,Golden-crowned Flycatcher,Tyrannidae,,,
,,,Myiodynastes chrysocephalus,Golden-crowned Flycatcher,Tyrannidae
Pitangus lictor,Lesser Kiskadee,Tyrannidae,Philohydor lictor,Lesser Kiskadee,Tyrannidae
Pachyramphus albogriseus,Black-and-white Becard,Tityridae,,,
,,,Pachyramphus albogriseus,Black-and-white Becard,Tityridae
,,,Pachyramphus salvini,Cryptic Becard,Tityridae
Laniisoma elegans,Shrike-like Cotinga,Tityridae,,,
,,,Laniisoma elegans,Brazilian Laniisoma,Tityridae
,,,Laniisoma buckleyi,Andean Laniisoma,Tityridae
Cryptopipo holochlora,Green Manakin,Pipridae,,,
,,,Cryptopipo holochlora,Green Manakin,Pipridae
,,,Cryptopipo litae,Choco Manakin,Pipridae
Lepidothrix coronata,Blue-crowned Manakin,Pipridae,,,
,,,Lepidothrix coronata,Blue-capped Manakin,Pipridae
,,,Lepidothrix velutina,Velvety Manakin,Pipridae
Sakesphorus cristatus,Silvery-cheeked Antshrike,Thamnophilidae,Sakesphoroides cristatus,Silvery-cheeked Antshrike,Thamnophilidae
Herpsilochmus sellowi,Caatinga Antwren,Thamnophilidae,Radinopsyche sellowi,Caatinga Antwren,Thamnophilidae
Formicivora grisea,White-fringed Antwren,Thamnophilidae,,,
,,,Formicivora grisea,Southern White-fringed Antwren,Thamnophilidae
,,,Formicivora intermedia,Northern White-fringed Antwren,Thamnophilidae
,,,Formicivora serrana,Serra Antwren,Thamnophilidae
Formicivora serrana,Serra Antwren,Thamnophilidae,,,
Formicivora littoralis,Restinga Antwren,Thamnophilidae,,,
Furnarius leucopus,Pale-legged Hornero,Furnariidae,,,
,,,Furnarius leucopus,Pale-legged Hornero,Furnariidae
,,,Furnarius longirostris,Caribbean Hornero,Furnariidae
,,,Furnarius cinnamomeus,Pacific Hornero,Furnariidae
Synallaxis albilora,White-lored Spinetail,Furnariidae,,,
,,,Synallaxis albilora,White-lored Spinetail,Furnariidae
,,,Synallaxis simoni,Araguaia Spinetail,Furnariidae
Cranioleuca gutturata,Speckled Spinetail,Furnariidae,Thripophaga gutturata,Speckled Spinetail,Furnariidae
,,,Asthenes wyatti,Streak-backed Canastero,Furnariidae
Asthenes wyatti,Streak-backed Canastero,Furnariidae,,,
Asthenes sclateri,Puna Canastero,Furnariidae,,,
Thripophaga berlepschi,Russet-mantled Softtail,Furnariidae,Cranioleuca berlepschi,Russet-mantled Softtail,Furnariidae
Phacellodomus rufifrons,Rufous-fronted Thornbird,Furnariidae,,,
,,,Phacellodomus rufifrons,Rufous-fronted Thornbird,Furnariidae
,,,Phacellodomus inornatus,Plain Thornbird,Furnariidae
Pseudocolaptes lawrencii,Buffy Tuftedcheek,Furnariidae,,,
,,,Pseudocolaptes lawrencii,Buffy Tuftedcheek,Furnariidae
,,,Pseudocolaptes johnsoni,Pacific Tuftedcheek,Furnariidae
Automolus subulatus,Striped Woodhaunter,Furnariidae,,,
,,,Automolus subulatus,Eastern Woodhaunter,Furnariidae
,,,Automolus virgatus,Western Woodhaunter,Furnariidae
Automolus ochrolaemus,Buff-throated Foliage-gleaner,Furnariidae,,,
,,,Automolus ochrolaemus,Ochre-throated Foliage-gleaner,Furnariidae
,,,Automolus cervinigularis,Fawn-throated Foliage-gleaner,Furnariidae
Campylorhamphus procurvoides,Curve-billed Scythebill,Furnariidae,,,
,,,Campylorhamphus procurvoides,Curve-billed Scythebill,Furnariidae
,,,Campylorhamphus probatus,Tapajos Scythebill,Furnariidae
,,,Campylorhamphus multostriatus,Xingu Scythebill,Furnariidae
Grallaria quitensis,Tawny Antpitta,Grallariidae,,,
,,,Grallaria quitensis,Tawny Antpitta,Grallariidae
,,,Grallaria alticola,Boyaca Antpitta,Grallariidae
,,,Grallaria atuensis,Atuen Antpitta,Grallariidae
Conopophaga aurita,Chestnut-belted Gnateater,Conopophagidae,,,
,,,Conopophaga aurita,Chestnut-belted Gnateater,Conopophagidae
,,,Conopophaga snethlageae,Black-breasted Gnateater,Conopophagidae
Ailuroedus stonii,Ochre-breasted Catbird,Ptilonorhynchidae,Ailuroedus stonii,Ochre-breasted Catbird,Ptilonorhynchidae
Amblyornis newtoniana,Golden Bowerbird,Ptilonorhynchidae,Prionodura newtoniana,Golden Bowerbird,Ptilonorhynchidae
Myzomela chloroptera,Sulawesi Myzomela,Meliphagidae,,,
,,,Myzomela chloroptera,Sulawesi Myzomela,Meliphagidae
,,,Myzomela batjanensis,Bacan Myzomela,Meliphagidae
Myzomela rosenbergii,Red-collared Myzomela,Meliphagidae,,,
,,,Myzomela rosenbergii,Red-collared Myzomela,Meliphagidae
,,,Myzomela longirostris,Long-billed Myzomela,Meliphagidae
Lichmera limbata,Indonesian Honeyeater,Meliphagidae,,,
,,,Lichmera indistincta,Brown Honeyeater,Meliphagidae
Lichmera indistincta,Brown Honeyeater,Meliphagidae,,,
Philemon fuscicapillus,Dusky Friarbird,Meliphagidae,Philemon fuscicapillus,Morotai Friarbird,Meliphagidae
Melidectes fuscus,Sooty Melidectes,Meliphagidae,Melionyx fuscus,Sooty Honeyeater,Meliphagidae
Melidectes nouhuysi,Short-bearded Melidectes,Meliphagidae,Melionyx nouhuysi,Short-bearded Honeyeater,Meliphagidae
Melidectes princeps,Long-bearded Melidectes,Meliphagidae,Melionyx princeps,Long-bearded Honeyeater,Meliphagidae
Crateroscelis nigrorufa,Bicolored Mouse-Warbler,Acanthizidae,Aethomyias nigrorufus,Bicolored Mouse-Warbler,Acanthizidae
Sericornis citreogularis,Yellow-throated Scrubwren,Acanthizidae,Neosericornis citreogularis,Yellow-throated Scrubwren,Acanthizidae
Sericornis frontalis,White-browed Scrubwren,Acanthizidae,,,
,,,Sericornis frontalis,White-browed Scrubwren,Acanthizidae
,,,Sericornis maculatus,Spotted Scrubwren,Acanthizidae
Sericornis beccarii,Tropical Scrubwren,Acanthizidae,,,
,,,Sericornis beccarii,Tropical Scrubwren,Acanthizidae
,,,Sericornis nouhuysi,Large Scrubwren,Acanthizidae
Sericornis nouhuysi,Large Scrubwren,Acanthizidae,,,
Sericornis virgatus,Perplexing Scrubwren,Acanthizidae,,,
Sericornis rufescens,Vogelkop Scrubwren,Acanthizidae,Aethomyias rufescens,Vogelkop Scrubwren,Acanthizidae
Sericornis perspicillatus,Buff-faced Scrubwren,Acanthizidae,Aethomyias perspicillatus,Buff-faced Scrubwren,Acanthizidae
Sericornis arfakianus,Gray-green Scrubwren,Acanthizidae,Aethomyias arfakianus,Gray-green Scrubwren,Acanthizidae
Sericornis papuensis,Papuan Scrubwren,Acanthizidae,Aethomyias papuensis,Papuan Scrubwren,Acanthizidae
Sericornis spilodera,Pale-billed Scrubwren,Acanthizidae,Aethomyias spilodera,Pale-billed Scrubwren,Acanthizidae
Gerygone flavolateralis,Fan-tailed Gerygone,Acanthizidae,,,
,,,Gerygone flavolateralis,Fan-tailed Gerygone,Acanthizidae
,,,Gerygone citrina,Rennell Gerygone,Acanthizidae
Monachella muelleriana,Torrent Flycatcher,Petroicidae,Monachella muelleriana,Torrent Flyrobin,Petroicidae
Microeca flavigaster,Lemon-bellied Flycatcher,Petroicidae,Microeca flavigaster,Lemon-bellied Flyrobin,Petroicidae
Microeca griseoceps,Yellow-legged Flycatcher,Petroicidae,Kempiella griseoceps,Yellow-legged Flyrobin,Petroicidae
Microeca flavovirescens,Olive Flyrobin,Petroicidae,Kempiella flavovirescens,Olive Flyrobin,Petroicidae
Microeca papuana,Papuan Flycatcher,Petroicidae,Devioeca papuana,Canary Flyrobin,Petroicidae
Tregellasia leucops,White-faced Robin,Petroicidae,Eopsaltria leucops,White-faced Robin,Petroicidae
Tregellasia capito,Pale-yellow Robin,Petroicidae,Eopsaltria capito,Pale-yellow Robin,Petroicidae
Eopsaltria flaviventris,Yellow-bellied Robin,Petroicidae,Cryptomicroeca flaviventris,Yellow-bellied Flyrobin,Petroicidae
Eopsaltria pulverulenta,Mangrove Robin,Petroicidae,Melanodryas pulverulenta,Mangrove Robin,Petroicidae
Poecilodryas brachyura,Black-chinned Robin,Petroicidae,Heteromyias brachyurus,Black-chinned Robin,Petroicidae
Poecilodryas placens,Olive-yellow Robin,Petroicidae,Eopsaltria placens,Banded Yellow Robin,Petroicidae
Poecilodryas albonotata,Black-throated Robin,Petroicidae,Plesiodryas albonotata,Black-throated Robin,Petroicidae
Peneothello sigillata,White-winged Robin,Petroicidae,Melanodryas sigillata,White-winged Robin,Petroicidae
Peneothello cryptoleuca,Smoky Robin,Petroicidae,Melanodryas cryptoleuca,Smoky Robin,Petroicidae
Peneothello cyanus,Blue-gray Robin,Petroicidae,Melanodryas cyanus,Blue-gray Robin,Petroicidae
Peneothello bimaculata,White-rumped Robin,Petroicidae,Melanodryas bimaculata,White-rumped Robin,Petroicidae
Heteromyias albispecularis,Ashy Robin,Petroicidae,,,
,,,Heteromyias albispecularis,Arfak Robin,Petroicidae
,,,Heteromyias armiti,Black-capped Robin,Petroicidae
Irena puella,Asian Fairy-bluebird,Irenidae,,,
,,,Irena puella,Asian Fairy-bluebird,Irenidae
,,,Irena tweeddalii,Palawan Fairy-bluebird,Irenidae
Chloropsis cochinchinensis,Blue-winged Leafbird,Chloropseidae,,,
,,,Chloropsis cochinchinensis,Javan Leafbird,Chloropseidae
,,,Chloropsis moluccensis,Blue-winged Leafbird,Chloropseidae
Pomatostomus isidorei,Papuan Babbler,Pomatostomidae,Garritornis isidorei,Papuan Babbler,Pomatostomidae
Falcunculus frontatus,Crested Shrike-tit,Falcunculidae,,,
,,,Falcunculus frontatus,Eastern Shrike-tit,Falcunculidae
,,,Falcunculus whitei,Northern Shrike-tit,Falcunculidae
,,,Falcunculus leucogaster,Western Shrike-tit,Falcunculidae
Pachycephala vanikorensis,Temotu Whistler,Pachycephalidae,Pachycephala vanikorensis,Temotu Whistler,Pachycephalidae
Platylophus galericulatus,Crested Shrikejay,Platylophidae,Platylophus galericulatus,Crested Jayshrike,Platylophidae
Corvus enca,Slender-billed Crow,Corvidae,,,
,,,Corvus enca,Slender-billed Crow,Corvidae
,,,Corvus pusillus,Palawan Crow,Corvidae
Corvus palmarum,Palm Crow,Corvidae,,,
,,,Corvus palmarum,Hispaniolan Palm-Crow,Corvidae
,,,Corvus minutus,Cuban Palm-Crow,Corvidae
Melampitta gigantea,Greater Melampitta,Melampittidae,Megalampitta gigantea,Greater Melampitta,Melampittidae
Lycocorax pyrrhopterus,Paradise-crow,Paradisaeidae,,,
,,,Lycocorax pyrrhopterus,Halmahera Paradise-crow,Paradisaeidae
,,,Lycocorax obiensis,Obi Paradise-crow,Paradisaeidae
Parotia lawesii,Lawes's Parotia,Paradisaeidae,,,
,,,Parotia lawesii,Lawes's Parotia,Paradisaeidae
,,,Parotia helenae,Eastern Parotia,Paradisaeidae
Cicinnurus magnificus,Magnificent Bird-of-Paradise,Paradisaeidae,Diphyllodes magnificus,Magnificent Bird-of-Paradise,Paradisaeidae
Cicinnurus respublica,Wilson's Bird-of-Paradise,Paradisaeidae,Diphyllodes respublica,Wilson's Bird-of-Paradise,Paradisaeidae
Paradisaea rudolphi,Blue Bird-of-Paradise,Paradisaeidae,Paradisornis rudolphi,Blue Bird-of-Paradise,Paradisaeidae
Cracticus quoyi,Black Butcherbird,Artamidae,Melloria quoyi,Black Butcherbird,Artamidae
Oriolus melanotis,Timor Oriole,Oriolidae,,,
,,,Oriolus melanotis,Timor Oriole,Oriolidae
,,,Oriolus finschi,Wetar Oriole,Oriolidae
Oriolus xanthonotus,Dark-throated Oriole,Oriolidae,,,
,,,Oriolus xanthonotus,Dark-throated Oriole,Oriolidae
,,,Oriolus consobrinus,Ventriloquial Oriole,Oriolidae
Oriolus cruentus,Black-and-crimson Oriole,Oriolidae,,,
,,,Oriolus cruentus,Javan Oriole,Oriolidae
,,,Oriolus consanguineus,Black-and-crimson Oriole,Oriolidae
Coracina cucullata,Comoros Cuckooshrike,Campephagidae,Coracina cucullata,Comoro Cuckooshrike,Campephagidae
Edolisoma dispar,Kai Cicadabird,Campephagidae,Edolisoma dispar,Kai Cicadabird,Campephagidae
Pericrocotus roseus,Rosy Minivet,Campephagidae,,,
,,,Pericrocotus roseus,Rosy Minivet,Campephagidae
Rhipidura cockerelli,Cockerell's Fantail,Rhipiduridae,,,
,,,Rhipidura cockerelli,White-winged Fantail,Rhipiduridae
,,,Rhipidura coultasi,White-gorgeted Fantail,Rhipiduridae
Rhipidura drownei,Brown Fantail,Rhipiduridae,,,
,,,Rhipidura drownei,Bougainville Fantail,Rhipiduridae
,,,Rhipidura ocularis,Guadalcanal Fantail,Rhipiduridae
Rhipidura verreauxi,Streaked Fantail,Rhipiduridae,,,
,,,Rhipidura verreauxi,New Caledonian Streaked Fantail,Rhipiduridae
,,,Rhipidura layardi,Fiji Streaked Fantail,Rhipiduridae
,,,Rhipidura spilodera,Vanuatu Streaked Fantail,Rhipiduridae
Rhipidura rufifrons,Rufous Fantail,Rhipiduridae,,,
,,,Rhipidura rufifrons,Australian Rufous Fantail,Rhipiduridae
,,,Rhipidura torrida,Gilolo Fantail,Rhipiduridae
,,,Rhipidura louisiadensis,Louisiade Fantail,Rhipiduridae
,,,Rhipidura versicolor,Micronesian Rufous Fantail,Rhipiduridae
,,,Rhipidura rufofronta,Solomons Rufous Fantail,Rhipiduridae
,,,Rhipidura melaenolaema,Santa Cruz Fantail,Rhipiduridae
Rhipidura dryas,Arafura Fantail,Rhipiduridae,,,
,,,Rhipidura dryas,Arafura Fantail,Rhipiduridae
,,,Rhipidura semicollaris,Supertramp Fantail,Rhipiduridae
Dicrurus ludwigii,Common Square-tailed Drongo,Dicruridae,Dicrurus ludwigii,Square-tailed Drongo,Dicruridae
,,,Dicrurus sharpei,Sharpe's Drongo,Dicruridae
Dicrurus sharpei,Sharpe's Drongo,Dicruridae,,,
Dicrurus occidentalis,Western Square-tailed Drongo,Dicruridae,,,
,,,Dicrurus adsimilis,Fork-tailed Drongo,Dicruridae
Dicrurus adsimilis,Fork-tailed Drongo,Dicruridae,,,
Dicrurus divaricatus,Glossy-backed Drongo,Dicruridae,,,
,,,Dicrurus modestus,Velvet-mantled Drongo,Dicruridae
Dicrurus modestus,Velvet-mantled Drongo,Dicruridae,,,
Dicrurus atactus,Fanti Drongo,Dicruridae,,,
Dicrurus hottentottus,Hair-crested Drongo,Dicruridae,,,
,,,Dicrurus hottentottus,Hair-crested Drongo,Dicruridae
,,,Dicrurus palawanensis,Palawan Drongo,Dicruridae
,,,Dicrurus striatus,Short-tailed Drongo,Dicruridae
Dicrurus sumatranus,Sumatran Drongo,Dicruridae,,,
,,,Dicrurus sumatranus,Sumatran Drongo,Dicruridae
Elminia nigromitrata,Dusky Crested-Flycatcher,Stenostiridae,Elminia nigromitrata,Dusky Crested Flycatcher,Stenostiridae
Elminia albiventris,White-bellied Crested-Flycatcher,Stenostiridae,Elminia albiventris,White-bellied Crested Flycatcher,Stenostiridae
Elminia albonotata,White-tailed Crested-Flycatcher,Stenostiridae,Elminia albonotata,White-tailed Crested Flycatcher,Stenostiridae
Trochocercus nitens,Blue-headed Crested-Flycatcher,Monarchidae,Trochocercus nitens,Blue-headed Crested Flycatcher,Monarchidae
Trochocercus cyanomelas,African Crested-Flycatcher,Monarchidae,Trochocercus cyanomelas,African Crested Flycatcher,Monarchidae
Terpsiphone atrocaudata,Japanese Paradise-Flycatcher,Monarchidae,Terpsiphone atrocaudata,Black Paradise-Flycatcher,Monarchidae
Symposiachrus leucurus,White-tailed Monarch,Monarchidae,Symposiachrus leucurus,White-tailed Monarch,Monarchidae
Tchagra minutus,Marsh Tchagra,Malaconotidae,Bocagia minuta,Marsh Tchagra,Malaconotidae
,,,Batis dimorpha,Malawi Batis,Platysteiridae
Batis capensis,Cape Batis,Platysteiridae,,,
,,,Batis capensis,Cape Batis,Platysteiridae
Batis fratrum,Woodward's Batis,Platysteiridae,Batis fratrum,Woodwards' Batis,Platysteiridae
Cyanolanius madagascarinus,Blue Vanga,Vangidae,,,
,,,Cyanolanius madagascarinus,Madagascar Blue Vanga,Vangidae
,,,Cyanolanius comorensis,Comoro Blue Vanga,Vangidae
Neocossyphus finschi,Finsch's Flycatcher-Thrush,Turdidae,Stizorhina finschi,Finsch's Flycatcher-Thrush,Turdidae
Neocossyphus fraseri,Rufous Flycatcher-Thrush,Turdidae,Stizorhina fraseri,Rufous Flycatcher-Thrush,Turdidae
Monticola sharpei,Forest Rock-Thrush,Muscicapidae,,,
,,,Monticola sharpei,Forest Rock-Thrush,Muscicapidae
,,,Monticola erythronotus,Amber Mountain Rock-Thrush,Muscicapidae
Zoothera heinrichi,Geomalia,Turdidae,Zoothera heinrichi,Geomalia,Turdidae
Psophocichla litsitsirupa,Groundscraper Thrush,Turdidae,,,
,,,Turdus litsitsirupa,Groundscraper Thrush,Turdidae
,,,Turdus simensis,Ethiopian Thrush,Turdidae
Otocichla mupinensis,Chinese Thrush,Turdidae,Turdus mupinensis,Chinese Thrush,Turdidae
Brachypteryx stellata,Gould's Shortwing,Muscicapidae,Heteroxenicus stellatus,Gould's Shortwing,Muscicapidae
Brachypteryx montana,White-browed Shortwing,Muscicapidae,,,
,,,Brachypteryx montana,Javan Shortwing,Muscicapidae
,,,Brachypteryx erythrogyna,Bornean Shortwing,Muscicapidae
,,,Brachypteryx saturata,Sumatran Shortwing,Muscicapidae
,,,Brachypteryx floris,Flores Shortwing,Muscicapidae
,,,Brachypteryx poliogyna,Philippine Shortwing,Muscicapidae
Bradornis mariquensis,Mariqua Flycatcher,Muscicapidae,Bradornis mariquensis,Marico Flycatcher,Muscicapidae
Eumyias additus,Buru Jungle-Flycatcher,Muscicapidae,Eumyias additus,Buru Jungle Flycatcher,Muscicapidae
Cyornis oscillans,Flores Jungle-Flycatcher,Muscicapidae,,,
,,,Eumyias oscillans,Flores Jungle Flycatcher,Muscicapidae
,,,Eumyias stresemanni,Sumba Jungle Flycatcher,Muscicapidae
Cyornis brunneatus,Brown-chested Jungle-Flycatcher,Muscicapidae,Cyornis brunneatus,Brown-chested Jungle Flycatcher,Muscicapidae
Cyornis nicobaricus,Nicobar Jungle-Flycatcher,Muscicapidae,Cyornis nicobaricus,Nicobar Jungle Flycatcher,Muscicapidae
Cyornis olivaceus,Fulvous-chested Jungle-Flycatcher,Muscicapidae,Cyornis olivaceus,Fulvous-chested Jungle Flycatcher,Muscicapidae
Cyornis umbratilis,Gray-chested Jungle-Flycatcher,Muscicapidae,Cyornis umbratilis,Gray-chested Jungle Flycatcher,Muscicapidae
Cyornis ruficauda,Chestnut-tailed Jungle-Flycatcher,Muscicapidae,Cyornis ruficauda,Chestnut-tailed Jungle Flycatcher,Muscicapidae
Cyornis colonus,Sula Jungle-Flycatcher,Muscicapidae,Cyornis colonus,Sula Jungle Flycatcher,Muscicapidae
Cyornis pelingensis,Banggai Jungle-Flycatcher,Muscicapidae,Cyornis pelingensis,Banggai Jungle Flycatcher,Muscicapidae
Vauriella gularis,Eyebrowed Jungle-Flycatcher,Muscicapidae,Vauriella gularis,Eyebrowed Jungle Flycatcher,Muscicapidae
Vauriella insignis,Rusty-flanked Jungle-Flycatcher,Muscicapidae,Vauriella insignis,Rusty-flanked Jungle Flycatcher,Muscicapidae
Vauriella albigularis,Negros Jungle-Flycatcher,Muscicapidae,Vauriella albigularis,Negros Jungle Flycatcher,Muscicapidae
Vauriella goodfellowi,Mindanao Jungle-Flycatcher,Muscicapidae,Vauriella goodfellowi,Mindanao Jungle Flycatcher,Muscicapidae
Humblotia flavirostris,Grand Comoro Flycatcher,Muscicapidae,Humblotia flavirostris,Grande Comore Flycatcher,Muscicapidae
Ficedula owstoni,Ryuku Flycatcher,Muscicapidae,Ficedula owstoni,Ryukyu Flycatcher,Muscicapidae
Niltava vivida,Vivid Niltava,Muscicapidae,,,
,,,Niltava vivida,Taiwan Vivid Niltava,Muscicapidae
,,,Niltava oatesi,Chinese Vivid Niltava,Muscicapidae
Cyornis sanfordi,Matinan Flycatcher,Muscicapidae,Eumyias sanfordi,Matinan Flycatcher,Muscicapidae
Cyornis hoevelli,Blue-fronted Flycatcher,Muscicapidae,Eumyias hoevelli,Blue-fronted Flycatcher,Muscicapidae
Cyornis hyacinthinus,Timor Blue Flycatcher,Muscicapidae,Eumyias hyacinthinus,Timor Blue Flycatcher,Muscicapidae
Cyornis concretus,White-tailed Flycatcher,Muscicapidae,Leucoptilon concretum,White-tailed Flycatcher,Muscicapidae
Cyornis herioti,Blue-breasted Flycatcher,Muscicapidae,,,
,,,Cyornis herioti,Blue-breasted Blue Flycatcher,Muscicapidae
,,,Cyornis camarinensis,Rufous-breasted Blue Flycatcher,Muscicapidae
Cyornis poliogenys,Pale-chinned Blue Flycatcher,Muscicapidae,Cyornis poliogenys,Pale-chinned Flycatcher,Muscicapidae
,,,Cyornis kadayangensis,Meratus Blue Flycatcher,Muscicapidae
Cyornis omissus,Sulawesi Blue Flycatcher,Muscicapidae,,,
,,,Cyornis omissus,Sulawesi Blue Flycatcher,Muscicapidae
,,,Cyornis kalaoensis,Kalao Blue Flycatcher,Muscicapidae
Stiphrornis erythrothorax,Forest Robin,Muscicapidae,,,
,,,Stiphrornis erythrothorax,Orange-breasted Forest Robin,Muscicapidae
,,,Stiphrornis mabirae,Yellow-breasted Forest Robin,Muscicapidae
,,,Stiphrornis pyrrholaemus,Olive-backed Forest Robin,Muscicapidae
,,,Sheppardia poensis,Short-tailed Akalat,Muscicapidae
Sheppardia bocagei,Bocage's Akalat,Muscicapidae,,,
,,,Sheppardia bocagei,Bocage's Akalat,Muscicapidae
Larvivora akahige,Japanese Robin,Muscicapidae,,,
,,,Larvivora akahige,Japanese Robin,Muscicapidae
,,,Larvivora tanensis,Izu Robin,Muscicapidae
Larvivora komadori,Ryukyu Robin,Muscicapidae,,,
,,,Larvivora komadori,Ryukyu Robin,Muscicapidae
,,,Larvivora namiyei,Okinawa Robin,Muscicapidae
Cossypha polioptera,Gray-winged Robin-Chat,Muscicapidae,Sheppardia polioptera,Gray-winged Robin-Chat,Muscicapidae
Copsychus malabaricus,White-rumped Shama,Muscicapidae,,,
,,,Copsychus malabaricus,White-rumped Shama,Muscicapidae
,,,Copsychus stricklandii,White-crowned Shama,Muscicapidae
Enicurus leschenaulti,White-crowned Forktail,Muscicapidae,,,
,,,Enicurus leschenaulti,White-crowned Forktail,Muscicapidae
,,,Enicurus borneensis,Bornean Forktail,Muscicapidae
Oenanthe oenanthe,Northern Wheatear,Muscicapidae,,,
,,,Oenanthe oenanthe,Northern Wheatear,Muscicapidae
,,,Oenanthe seebohmi,Atlas Wheatear,Muscicapidae
Oenanthe bottae,Red-breasted Wheatear,Muscicapidae,,,
,,,Oenanthe bottae,Buff-breasted Wheatear,Muscicapidae
,,,Oenanthe frenata,Rusty-breasted Wheatear,Muscicapidae
Oenanthe heuglini,Heuglin's Wheatear,Muscicapidae,Oenanthe heuglinii,Heuglin's Wheatear,Muscicapidae
,,,Myrmecocichla arnotti,Arnot's Chat,Muscicapidae
Myrmecocichla arnotti,Arnot's Chat,Muscicapidae,,,
Myrmecocichla collaris,Ruaha Chat,Muscicapidae,,,
Thamnolaea semirufa,White-winged Cliff-Chat,Muscicapidae,Monticola semirufus,White-winged Cliff-Chat,Muscicapidae
Poeoptera femoralis,Abbott's Starling,Sturnidae,Arizelopsar femoralis,Abbott's Starling,Sturnidae
Gracupica contra,Asian Pied Starling,Sturnidae,,,
,,,Gracupica contra,Indian Pied Starling,Sturnidae
,,,Gracupica floweri,Siamese Pied Starling,Sturnidae
,,,Gracupica jalla,Javan Pied Starling,Sturnidae
Acridotheres burmannicus,Vinous-breasted Starling,Sturnidae,,,
,,,Acridotheres burmannicus,Burmese Myna,Sturnidae
,,,Acridotheres leucocephalus,Vinous-breasted Myna,Sturnidae
Acridotheres melanopterus,Black-winged Starling,Sturnidae,Acridotheres melanopterus,Black-winged Myna,Sturnidae
Gracula religiosa,Common Hill Myna,Sturnidae,,,
,,,Gracula religiosa,Common Hill Myna,Sturnidae
Gracula enganensis,Enggano Myna,Sturnidae,,,
Gracula robusta,Nias Myna,Sturnidae,,,
,,,Gracula venerata,Tenggara Hill Myna,Sturnidae
Sitta europaea,Eurasian Nuthatch,Sittidae,,,
,,,Sitta europaea,Eurasian Nuthatch,Sittidae
,,,Sitta arctica,Siberian Nuthatch,Sittidae
Pholidornis rushiae,Tit-hylia,Macrosphenidae,Pholidornis rushiae,Tit-hylia,Hyliidae
Psaltria exilis,Pygmy Tit,Aegithalidae,Aegithalos exilis,Pygmy Tit,Aegithalidae
Riparia diluta,Pale Sand Martin,Hirundinidae,Riparia diluta,Pale Martin,Hirundinidae
Riparia paludicola,Plain Martin,Hirundinidae,,,
,,,Riparia paludicola,Plain Martin,Hirundinidae
,,,Riparia cowani,Madagascar Martin,Hirundinidae
Phedina brazzae,Brazza's Martin,Hirundinidae,Phedinopsis brazzae,Brazza's Martin,Hirundinidae
Delichon urbicum,Common House-Martin,Hirundinidae,,,
,,,Delichon urbicum,Western House-Martin,Hirundinidae
,,,Delichon lagopodum,Siberian House-Martin,Hirundinidae
Pycnonotus striatus,Striated Bulbul,Pycnonotidae,Alcurus striatus,Striated Bulbul,Pycnonotidae
Pycnonotus leucogrammicus,Cream-striped Bulbul,Pycnonotidae,Ixos leucogrammicus,Cream-striped Bulbul,Pycnonotidae
Brachypodius melanoleucos,Black-and-white Bulbul,Pycnonotidae,Microtarsus melanoleucos,Black-and-white Bulbul,Pycnonotidae
Brachypodius priocephalus,Gray-headed Bulbul,Pycnonotidae,Microtarsus priocephalus,Gray-headed Bulbul,Pycnonotidae
Brachypodius melanocephalos,Black-headed Bulbul,Pycnonotidae,Microtarsus melanocephalos,Black-headed Bulbul,Pycnonotidae
Brachypodius fuscoflavescens,Andaman Bulbul,Pycnonotidae,Microtarsus fuscoflavescens,Andaman Bulbul,Pycnonotidae
Rubigula melanicterus,Black-capped Bulbul,Pycnonotidae,Rubigula melanictera,Black-capped Bulbul,Pycnonotidae
Brachypodius eutilotus,Puff-backed Bulbul,Pycnonotidae,Microtarsus eutilotus,Puff-backed Bulbul,Pycnonotidae
Pycnonotus nieuwenhuisii,Blue-wattled Bulbul,Pycnonotidae,Microtarsus nieuwenhuisii,Blue-wattled Bulbul,Pycnonotidae
Brachypodius urostictus,Yellow-wattled Bulbul,Pycnonotidae,Microtarsus urostictus,Yellow-wattled Bulbul,Pycnonotidae
Pycnonotus finlaysoni,Stripe-throated Bulbul,Pycnonotidae,,,
,,,Pycnonotus finlaysoni,Stripe-throated Bulbul,Pycnonotidae
,,,Pycnonotus davisoni,Pale-eyed Bulbul,Pycnonotidae
Pycnonotus flavescens,Flavescent Bulbul,Pycnonotidae,,,
,,,Pycnonotus flavescens,Flavescent Bulbul,Pycnonotidae
,,,Pycnonotus leucops,Pale-faced Bulbul,Pycnonotidae
Alophoixus finschii,Finsch's Bulbul,Pycnonotidae,Iole finschii,Finsch's Bulbul,Pycnonotidae
Alophoixus affinis,Seram Golden-Bulbul,Pycnonotidae,Hypsipetes affinis,Seram Golden-Bulbul,Pycnonotidae
Alophoixus mystacalis,Buru Golden-Bulbul,Pycnonotidae,Hypsipetes mysticalis,Buru Golden-Bulbul,Pycnonotidae
Alophoixus longirostris,Sula Golden-Bulbul,Pycnonotidae,,,
,,,Hypsipetes longirostris,Sula Golden-Bulbul,Pycnonotidae
,,,Hypsipetes harterti,Banggai Golden-Bulbul,Pycnonotidae
Alophoixus platenae,Sangihe Golden-Bulbul,Pycnonotidae,Hypsipetes platenae,Sangihe Golden-Bulbul,Pycnonotidae
Alophoixus aureus,Togian Golden-Bulbul,Pycnonotidae,Hypsipetes aureus,Togian Golden-Bulbul,Pycnonotidae
Alophoixus chloris,Halmahera Golden-Bulbul,Pycnonotidae,Hypsipetes chloris,Halmahera Golden-Bulbul,Pycnonotidae
Alophoixus lucasi,Obi Golden-Bulbul,Pycnonotidae,Hypsipetes lucasi,Obi Golden-Bulbul,Pycnonotidae
Iole indica,Yellow-browed Bulbul,Pycnonotidae,Acritillas indica,Yellow-browed Bulbul,Pycnonotidae
Hypsipetes everetti,Yellowish Bulbul,Pycnonotidae,,,
,,,Hypsipetes everetti,Yellowish Bulbul,Pycnonotidae
,,,Hypsipetes catarmanensis,Camiguin Bulbul,Pycnonotidae
Ixos virescens,Sunda Bulbul,Pycnonotidae,,,
,,,Ixos virescens,Javan Bulbul,Pycnonotidae
,,,Ixos sumatranus,Sumatran Bulbul,Pycnonotidae
Hypsipetes parvirostris,Grand Comoro Bulbul,Pycnonotidae,Hypsipetes parvirostris,Grande Comore Bulbul,Pycnonotidae
Hypsipetes nicobariensis,Nicobar Bulbul,Pycnonotidae,Ixos nicobariensis,Nicobar Bulbul,Pycnonotidae
,,,Zosterops paruhbesar,Wangi-Wangi White-eye,Zosteropidae
,,,Zosterops meratusensis,Meratus White-eye,Zosteropidae
Zosterops grayi,Great Kai White-eye,Zosteropidae,Zosterops grayi,Great Kai White-eye,Zosteropidae
Zosterops uropygialis,Little Kai White-eye,Zosteropidae,Zosterops uropygialis,Little Kai White-eye,Zosteropidae
Zosterops atriceps,Cream-throated White-eye,Zosteropidae,,,
,,,Zosterops atriceps,Cream-throated White-eye,Zosteropidae
,,,Zosterops dehaani,Morotai White-eye,Zosteropidae
Zosterops rendovae,Gray-throated White-eye,Zosteropidae,,,
,,,Zosterops rendovae,Gray-throated White-eye,Zosteropidae
,,,Zosterops oblitus,Guadalcanal White-eye,Zosteropidae
,,,Zosterops hamlini,Bougainville White-eye,Zosteropidae
Madanga ruficollis,Madanga,Motacillidae,Anthus ruficollis,Madanga,Motacillidae
Urosphena pallidipes,Pale-footed Bush Warbler,Scotocercidae,Hemitesia pallidipes,Pale-footed Bush Warbler,Scotocercidae
Horornis vulcanius,Sunda Bush Warbler,Scotocercidae,,,
,,,Horornis flavolivaceus,Aberrant Bush Warbler,Scotocercidae
Horornis flavolivaceus,Aberrant Bush Warbler,Scotocercidae,,,
Bradypterus brunneus,Brown Emutail,Locustellidae,Bradypterus brunneus,Brown Emutail,Locustellidae
Nesillas typica,Malagasy Brush-Warbler,Acrocephalidae,,,
,,,Nesillas typica,Malagasy Brush-Warbler,Acrocephalidae
Nesillas longicaudata,Anjouan Brush-Warbler,Acrocephalidae,,,
Nesillas brevicaudata,Grand Comoro Brush-Warbler,Acrocephalidae,Nesillas brevicaudata,Grande Comore Brush-Warbler,Acrocephalidae
Cincloramphus mariei,New Caledonian Grassbird,Locustellidae,Cincloramphus mariae,New Caledonian Grassbird,Locustellidae
Cincloramphus whitneyi,Guadalcanal Thicketbird,Locustellidae,,,
,,,Cincloramphus whitneyi,Santo Thicketbird,Locustellidae
,,,Cincloramphus turipavae,Guadalcanal Thicketbird,Locustellidae
Locustella naevia,Common Grasshopper-Warbler,Locustellidae,Locustella naevia,Common Grasshopper Warbler,Locustellidae
,,,Acrocephalus scirpaceus,Common Reed Warbler,Acrocephalidae
Acrocephalus scirpaceus,Eurasian Reed Warbler,Acrocephalidae,,,
Acrocephalus baeticatus,African Reed Warbler,Acrocephalidae,,,
Rhopophilus pekinensis,Beijing Babbler,Sylviidae,Rhopophilus pekinensis,Beijing Babbler,Paradoxornithidae
Rhopophilus albosuperciliaris,Tarim Babbler,Sylviidae,Rhopophilus albosuperciliaris,Tarim Babbler,Paradoxornithidae
Prinia atrogularis,Black-throated Prinia,Cisticolidae,,,
,,,Prinia atrogularis,Black-throated Prinia,Cisticolidae
,,,Prinia khasiana,Rufous-crowned Prinia,Cisticolidae
,,,Prinia gracilis,Graceful Prinia,Cisticolidae
Prinia gracilis,Graceful Prinia,Cisticolidae,,,
Prinia lepida,Delicate Prinia,Cisticolidae,,,
,,,Prinia lepida,Delicate Prinia,Cisticolidae
Graueria vittata,Grauer's Warbler,Macrosphenidae,Graueria vittata,Grauer's Warbler,Acrocephalidae
Urosphena neumanni,Neumann's Warbler,Scotocercidae,Hemitesia neumanni,Neumann's Warbler,Scotocercidae
Hylia prasina,Green Hylia,Macrosphenidae,Hylia prasina,Green Hylia,Hyliidae
,,,Phylloscopus affinis,Tickell's Leaf Warbler,Phylloscopidae
Phylloscopus affinis,Tickell's Leaf Warbler,Phylloscopidae,,,
Phylloscopus occisinensis,Alpine Leaf Warbler,Phylloscopidae,,,
Phylloscopus trivirgatus,Mountain Leaf Warbler,Phylloscopidae,,,
,,,Phylloscopus trivirgatus,Mountain Leaf Warbler,Phylloscopidae
,,,Phylloscopus nigrorum,Negros Leaf Warbler,Phylloscopidae
Phylloscopus sarasinorum,Sulawesi Leaf Warbler,Phylloscopidae,,,
,,,Phylloscopus sarasinorum,Lompobattang Leaf Warbler,Phylloscopidae
,,,Phylloscopus nesophilus,Sulawesi Leaf Warbler,Phylloscopidae
Pellorneum capistratum,Black-capped Babbler,Pellorneidae,,,
,,,Pellorneum capistratum,Javan Black-capped Babbler,Pellorneidae
,,,Pellorneum nigrocapitatum,Malayan Black-capped Babbler,Pellorneidae
,,,Pellorneum capistratoides,Bornean Black-capped Babbler,Pellorneidae
Illadopsis rufipennis,Pale-breasted Illadopsis,Pellorneidae,,,
,,,Illadopsis rufipennis,Pale-breasted Illadopsis,Pellorneidae
,,,Illadopsis distans,Tanzanian Illadopsis,Pellorneidae
Pomatorhinus montanus,Chestnut-backed Scimitar-Babbler,Timaliidae,,,
,,,Pomatorhinus montanus,Javan Scimitar-Babbler,Timaliidae
,,,Pomatorhinus bornensis,Sunda Scimitar-Babbler,Timaliidae
Pomatorhinus ferruginosus,Coral-billed Scimitar-Babbler,Timaliidae,,,
,,,Pomatorhinus ferruginosus,Black-crowned Scimitar-Babbler,Timaliidae
,,,Pomatorhinus phayrei,Brown-crowned Scimitar-Babbler,Timaliidae
,,,Pnoepyga albiventer,Scaly-breasted Cupwing,Pnoepygidae
Pnoepyga albiventer,Scaly-breasted Cupwing,Pnoepygidae,,,
Pnoepyga mutica,Chinese Cupwing,Pnoepygidae,,,
Sterrhoptilus nigrocapitatus,Black-crowned Babbler,Zosteropidae,,,
,,,Sterrhoptilus nigrocapitatus,Visayan Babbler,Zosteropidae
,,,Sterrhoptilus affinis,Calabarzon Babbler,Zosteropidae
Cyanoderma erythropterum,Chestnut-winged Babbler,Timaliidae,,,
,,,Cyanoderma erythropterum,Chestnut-winged Babbler,Timaliidae
,,,Cyanoderma bicolor,Gray-hooded Babbler,Timaliidae
Mixornis flavicollis,Gray-cheeked Tit-Babbler,Timaliidae,,,
,,,Mixornis flavicollis,Gray-cheeked Tit-Babbler,Timaliidae
,,,Mixornis prillwitzi,Kangean Tit-Babbler,Timaliidae
Chrysomma sinense,Yellow-eyed Babbler,Sylviidae,Chrysomma sinense,Yellow-eyed Babbler,Paradoxornithidae
Chrysomma altirostre,Jerdon's Babbler,Sylviidae,Chrysomma altirostre,Jerdon's Babbler,Paradoxornithidae
Moupinia poecilotis,Rufous-tailed Babbler,Sylviidae,Moupinia poecilotis,Rufous-tailed Babbler,Paradoxornithidae
Argya cinereifrons,Ashy-headed Laughingthrush,Leiothrichidae,Argya cinereifrons,Ashy-headed Laughingthrush,Leiothrichidae
,,,Pteruthius aeralatus,White-browed Shrike-Babbler,Vireonidae
Pteruthius aeralatus,Blyth's Shrike-Babbler,Vireonidae,,,
Pteruthius annamensis,Dalat Shrike-Babbler,Vireonidae,,,
Pteruthius ripleyi,Himalayan Shrike-Babbler,Vireonidae,,,
Pteruthius intermedius,Clicking Shrike-Babbler,Vireonidae,Pteruthius intermedius,Clicking Shrike-Babbler,Vireonidae
Actinodura cyanouroptera,Blue-winged Minla,Leiothrichidae,Actinodura cyanouroptera,Blue-winged Minla,Leiothrichidae
Lioparus chrysotis,Golden-breasted Fulvetta,Sylviidae,Lioparus chrysotis,Golden-breasted Fulvetta,Paradoxornithidae
Fulvetta vinipectus,White-browed Fulvetta,Sylviidae,Fulvetta vinipectus,White-browed Fulvetta,Paradoxornithidae
Fulvetta striaticollis,Chinese Fulvetta,Sylviidae,Fulvetta striaticollis,Chinese Fulvetta,Paradoxornithidae
Fulvetta ruficapilla,Spectacled Fulvetta,Sylviidae,Fulvetta ruficapilla,Spectacled Fulvetta,Paradoxornithidae
Fulvetta danisi,Indochinese Fulvetta,Sylviidae,Fulvetta danisi,Indochinese Fulvetta,Paradoxornithidae
Fulvetta cinereiceps,Gray-hooded Fulvetta,Sylviidae,Fulvetta cinereiceps,Gray-hooded Fulvetta,Paradoxornithidae
Fulvetta formosana,Taiwan Fulvetta,Sylviidae,Fulvetta formosana,Taiwan Fulvetta,Paradoxornithidae
Fulvetta manipurensis,Streak-throated Fulvetta,Sylviidae,Fulvetta manipurensis,Manipur Fulvetta,Paradoxornithidae
Fulvetta ludlowi,Brown-throated Fulvetta,Sylviidae,Fulvetta ludlowi,Brown-throated Fulvetta,Paradoxornithidae
Myzornis pyrrhoura,Fire-tailed Myzornis,Sylviidae,Myzornis pyrrhoura,Fire-tailed Myzornis,Paradoxornithidae
Conostoma aemodium,Great Parrotbill,Sylviidae,Conostoma aemodium,Great Parrotbill,Paradoxornithidae
Cholornis paradoxus,Three-toed Parrotbill,Sylviidae,Cholornis paradoxus,Three-toed Parrotbill,Paradoxornithidae
Cholornis unicolor,Brown Parrotbill,Sylviidae,Cholornis unicolor,Brown Parrotbill,Paradoxornithidae
Psittiparus gularis,Gray-headed Parrotbill,Sylviidae,Psittiparus gularis,Gray-headed Parrotbill,Paradoxornithidae
Psittiparus margaritae,Black-headed Parrotbill,Sylviidae,Psittiparus margaritae,Black-headed Parrotbill,Paradoxornithidae
Paradoxornis flavirostris,Black-breasted Parrotbill,Sylviidae,Paradoxornis flavirostris,Black-breasted Parrotbill,Paradoxornithidae
Paradoxornis guttaticollis,Spot-breasted Parrotbill,Sylviidae,Paradoxornis guttaticollis,Spot-breasted Parrotbill,Paradoxornithidae
Sinosuthora conspicillata,Spectacled Parrotbill,Sylviidae,Suthora conspicillata,Spectacled Parrotbill,Paradoxornithidae
Sinosuthora webbiana,Vinous-throated Parrotbill,Sylviidae,Suthora webbiana,Vinous-throated Parrotbill,Paradoxornithidae
Sinosuthora brunnea,Brown-winged Parrotbill,Sylviidae,,,
,,,Suthora brunnea,Brown-winged Parrotbill,Paradoxornithidae
,,,Suthora ricketti,Eye-ringed Parrotbill,Paradoxornithidae
Sinosuthora alphonsiana,Ashy-throated Parrotbill,Sylviidae,Suthora alphonsiana,Ashy-throated Parrotbill,Paradoxornithidae
Sinosuthora zappeyi,Gray-hooded Parrotbill,Sylviidae,Suthora zappeyi,Gray-hooded Parrotbill,Paradoxornithidae
Sinosuthora przewalskii,Rusty-throated Parrotbill,Sylviidae,Suthora przewalskii,Rusty-throated Parrotbill,Paradoxornithidae
Suthora fulvifrons,Fulvous Parrotbill,Sylviidae,Suthora fulvifrons,Fulvous Parrotbill,Paradoxornithidae
Suthora nipalensis,Black-throated Parrotbill,Sylviidae,Suthora nipalensis,Black-throated Parrotbill,Paradoxornithidae
Suthora verreauxi,Golden Parrotbill,Sylviidae,Suthora verreauxi,Golden Parrotbill,Paradoxornithidae
Neosuthora davidiana,Short-tailed Parrotbill,Sylviidae,Suthora davidiana,Short-tailed Parrotbill,Paradoxornithidae
Chleuasicus atrosuperciliaris,Pale-billed Parrotbill,Sylviidae,Suthora atrosuperciliaris,Pale-billed Parrotbill,Paradoxornithidae
Psittiparus ruficeps,White-breasted Parrotbill,Sylviidae,Psittiparus ruficeps,White-breasted Parrotbill,Paradoxornithidae
Psittiparus bakeri,Rufous-headed Parrotbill,Sylviidae,Psittiparus bakeri,Rufous-headed Parrotbill,Paradoxornithidae
Calamornis heudei,Reed Parrotbill,Sylviidae,Calamornis heudei,Reed Parrotbill,Paradoxornithidae
Chamaea fasciata,Wrentit,Sylviidae,Chamaea fasciata,Wrentit,Paradoxornithidae
Mirafra cantillans,Singing Bushlark,Alaudidae,,,
,,,Mirafra javanica,Singing Bushlark,Alaudidae
Mirafra javanica,Australasian Bushlark,Alaudidae,,,
Mirafra cheniana,Latakoo Lark,Alaudidae,Mirafra cheniana,Melodious Lark,Alaudidae
Mirafra africana,Rufous-naped Lark,Alaudidae,,,
,,,Mirafra africana,Rufous-naped Lark,Alaudidae
,,,Mirafra sharpii,Sharpe's Lark,Alaudidae
,,,Calendulauda africanoides,Fawn-colored Lark,Alaudidae
Calendulauda africanoides,Fawn-colored Lark,Alaudidae,,,
Calendulauda alopex,Foxy Lark,Alaudidae,,,
,,,Certhilauda curvirostris,Cape Lark,Alaudidae
Certhilauda curvirostris,Cape Lark,Alaudidae,,,
Certhilauda brevirostris,Agulhas Lark,Alaudidae,,,
,,,Certhilauda subcoronata,Karoo Long-billed Lark,Alaudidae
Certhilauda subcoronata,Karoo Long-billed Lark,Alaudidae,,,
Certhilauda benguelensis,Benguela Lark,Alaudidae,,,
Certhilauda chuana,Short-clawed Lark,Alaudidae,Certhilauda chuana,Short-clawed Lark,Alaudidae
,,,Calendulauda erythrochlamys,Dune Lark,Alaudidae
Calendulauda erythrochlamys,Dune Lark,Alaudidae,,,
Calendulauda barlowi,Barlow's Lark,Alaudidae,,,
,,,Chersomanes albofasciata,Spike-heeled Lark,Alaudidae
Chersomanes albofasciata,Spike-heeled Lark,Alaudidae,,,
Chersomanes beesleyi,Beesley's Lark,Alaudidae,,,
Ammomanopsis grayi,Gray's Lark,Alaudidae,Ammomanopsis grayi,Gray's Lark,Alaudidae
,,,Galerida cristata,Crested Lark,Alaudidae
Galerida cristata,Crested Lark,Alaudidae,,,
Galerida macrorhyncha,Maghreb Lark,Alaudidae,,,
Alauda razae,Razo Skylark,Alaudidae,Alauda razae,Raso Skylark,Alaudidae
Dicaeum anthonyi,Flame-crowned Flowerpecker,Dicaeidae,,,
,,,Dicaeum anthonyi,Yellow-crowned Flowerpecker,Dicaeidae
,,,Dicaeum kampalili,Flame-crowned Flowerpecker,Dicaeidae
Dicaeum ignipectus,Fire-breasted Flowerpecker,Dicaeidae,,,
,,,Dicaeum ignipectus,Fire-breasted Flowerpecker,Dicaeidae
,,,Dicaeum cambodianum,Cambodian Flowerpecker,Dicaeidae
,,,Dicaeum beccarii,Sumatran Flowerpecker,Dicaeidae
,,,Dicaeum luzoniense,Fire-throated Flowerpecker,Dicaeidae
Dicaeum hirundinaceum,Mistletoebird,Dicaeidae,,,
,,,Dicaeum hirundinaceum,Mistletoebird,Dicaeidae
,,,Dicaeum keiense,Pink-breasted Flowerpecker,Dicaeidae
Cinnyris jugularis,Olive-backed Sunbird,Nectariniidae,,,
,,,Cinnyris jugularis,Garden Sunbird,Nectariniidae
,,,Cinnyris ornatus,Ornate Sunbird,Nectariniidae
,,,Cinnyris infrenatus,Tukangbesi Sunbird,Nectariniidae
,,,Cinnyris frenatus,Sahul Sunbird,Nectariniidae
,,,Cinnyris aurora,Palawan Sunbird,Nectariniidae
,,,Cinnyris clementiae,South Moluccan Sunbird,Nectariniidae
,,,Cinnyris idenburgi,Mamberamo Sunbird,Nectariniidae
,,,Cinnyris teysmanni,Flores Sea Sunbird,Nectariniidae
Cinnyris mariquensis,Mariqua Sunbird,Nectariniidae,Cinnyris mariquensis,Marico Sunbird,Nectariniidae
,,,Aethopyga pulcherrima,Metallic-winged Sunbird,Nectariniidae
Aethopyga pulcherrima,Metallic-winged Sunbird,Nectariniidae,,,
Aethopyga jefferyi,Mountain Sunbird,Nectariniidae,,,
Aethopyga decorosa,Bohol Sunbird,Nectariniidae,,,
Arachnothera modesta,Gray-breasted Spiderhunter,Nectariniidae,,,
,,,Arachnothera modesta,Gray-breasted Spiderhunter,Nectariniidae
,,,Arachnothera everetti,Bornean Spiderhunter,Nectariniidae
Arachnothera everetti,Bornean Spiderhunter,Nectariniidae,,,
Melanocharis crassirostris,Spotted Berrypecker,Melanocharitidae,,,
,,,Melanocharis crassirostris,Thick-billed Berrypecker,Melanocharitidae
,,,Melanocharis piperata,Spotted Berrypecker,Melanocharitidae
Paramythia montium,Crested Berrypecker,Paramythiidae,,,
,,,Paramythia montium,Eastern Crested Berrypecker,Paramythiidae
,,,Paramythia olivacea,Western Crested Berrypecker,Paramythiidae
Montifringilla taczanowskii,White-rumped Snowfinch,Passeridae,Onychostruthus taczanowskii,White-rumped Snowfinch,Passeridae
Montifringilla davidiana,Pere David's Snowfinch,Passeridae,Pyrgilauda davidiana,Pere David's Snowfinch,Passeridae
Montifringilla ruficollis,Rufous-necked Snowfinch,Passeridae,Pyrgilauda ruficollis,Rufous-necked Snowfinch,Passeridae
Montifringilla blanfordi,Blanford's Snowfinch,Passeridae,Pyrgilauda blanfordi,Blanford's Snowfinch,Passeridae
Montifringilla theresae,Afghan Snowfinch,Passeridae,Pyrgilauda theresae,Afghan Snowfinch,Passeridae
Hemimacronyx sharpei,Sharpe's Longclaw,Motacillidae,Macronyx sharpei,Sharpe's Longclaw,Motacillidae
Anthus novaeseelandiae,Australasian Pipit,Motacillidae,,,
,,,Anthus novaeseelandiae,New Zealand Pipit,Motacillidae
,,,Anthus australis,Australian Pipit,Motacillidae
Anthus furcatus,Short-billed Pipit,Motacillidae,,,
,,,Anthus furcatus,Short-billed Pipit,Motacillidae
,,,Anthus brevirostris,Puna Pipit,Motacillidae
Anthus lutescens,Yellowish Pipit,Motacillidae,Anthus chii,Yellowish Pipit,Motacillidae
,,,Prunella ocularis,Radde's Accentor,Prunellidae
Prunella ocularis,Radde's Accentor,Prunellidae,,,
Prunella fagani,Yemen Accentor,Prunellidae,,,
Plocepasser donaldsoni,Donaldson-Smith's Sparrow-Weaver,Ploceidae,Plocepasser donaldsoni,Donaldson Smith's Sparrow-Weaver,Ploceidae
Ploceus nigricollis,Black-necked Weaver,Ploceidae,,,
,,,Ploceus nigricollis,Black-necked Weaver,Ploceidae
,,,Ploceus brachypterus,Olive-naped Weaver,Ploceidae
,,,Ploceus holoxanthus,Ruvu Weaver,Ploceidae
Ploceus nigerrimus,Vieillot's Weaver,Ploceidae,,,
,,,Ploceus nigerrimus,Vieillot's Black Weaver,Ploceidae
,,,Ploceus castaneofuscus,Chestnut-and-black Weaver,Ploceidae
Anaplectes rubriceps,Red-headed Weaver,Ploceidae,,,
,,,Anaplectes rubriceps,Red-headed Weaver,Ploceidae
,,,Anaplectes jubaensis,Red Weaver,Ploceidae
Euplectes ardens,Red-collared Widowbird,Ploceidae,,,
,,,Euplectes ardens,Red-collared Widowbird,Ploceidae
,,,Euplectes laticauda,Red-cowled Widowbird,Ploceidae
,,,Lagonosticta rubricata,African Firefinch,Estrildidae
Lagonosticta rubricata,African Firefinch,Estrildidae,,,
Lagonosticta landanae,Pale-billed Firefinch,Estrildidae,,,
,,,Erythrura cyaneovirens,Royal Parrotfinch,Estrildidae
Erythrura cyaneovirens,Red-headed Parrotfinch,Estrildidae,,,
Erythrura regia,Royal Parrotfinch,Estrildidae,,,
Fringilla coelebs,Common Chaffinch,Fringillidae,,,
,,,Fringilla coelebs,Common Chaffinch,Fringillidae
,,,Fringilla moreletti,Azores Chaffinch,Fringillidae
,,,Fringilla maderensis,Madeira Chaffinch,Fringillidae
,,,Fringilla canariensis,Canary Islands Chaffinch,Fringillidae
,,,Fringilla spodiogenys,African Chaffinch,Fringillidae
,,,Emberiza capensis,Cape Bunting,Emberizidae
Emberiza capensis,Cape Bunting,Emberizidae,,,
Emberiza vincenti,Vincent's Bunting,Emberizidae,,,
Emberiza spodocephala,Black-faced Bunting,Emberizidae,,,
,,,Emberiza spodocephala,Black-faced Bunting,Emberizidae
,,,Emberiza personata,Masked Bunting,Emberizidae
Geothlypis aequinoctialis,Masked Yellowthroat,Parulidae,,,
,,,Geothlypis aequinoctialis,Masked Yellowthroat,Parulidae
,,,Geothlypis auricularis,Black-lored Yellowthroat,Parulidae
,,,Geothlypis velata,Southern Yellowthroat,Parulidae
Myiothlypis chrysogaster,Golden-bellied Warbler,Parulidae,,,
,,,Myiothlypis chrysogaster,Cuzco Warbler,Parulidae
,,,Myiothlypis chlorophrys,Choco Warbler,Parulidae
Basileuterus griseiceps,Gray-headed Warbler,Parulidae,Myiothlypis griseiceps,Gray-headed Warbler,Parulidae
Basileuterus tristriatus,Three-striped Warbler,Parulidae,,,
,,,Basileuterus tristriatus,Three-striped Warbler,Parulidae
,,,Basileuterus punctipectus,Yungas Warbler,Parulidae
Chlorospingus flavopectus,Common Chlorospingus,Passerellidae,,,
,,,Chlorospingus flavopectus,Common Chlorospingus,Passerellidae
,,,Chlorospingus semifuscus,Dusky Chlorospingus,Passerellidae
Chlorospingus semifuscus,Dusky Chlorospingus,Passerellidae,,,
Chlorothraupis carmioli,Carmiol's Tanager,Cardinalidae,,,
,,,Chlorothraupis carmioli,Carmiol's Tanager,Cardinalidae
,,,Chlorothraupis frenata,Yellow-lored Tanager,Cardinalidae
,,,Heliothraupis oneilli,Inti Tanager,Thraupidae
Chlorophonia musica,Antillean Euphonia,Fringillidae,,,
,,,Chlorophonia musica,Hispaniolan Euphonia,Fringillidae
,,,Chlorophonia sclateri,Puerto Rican Euphonia,Fringillidae
,,,Chlorophonia flavifrons,Lesser Antillean Euphonia,Fringillidae
Tangara mexicana,Turquoise Tanager,Thraupidae,,,
,,,Tangara mexicana,Turquoise Tanager,Thraupidae
,,,Tangara brasiliensis,White-bellied Tanager,Thraupidae
Spodiornis rusticus,Slaty Finch,Thraupidae,Haplospiza rustica,Slaty Finch,Thraupidae
,,,Sporophila americana,Wing-barred Seedeater,Thraupidae
Sporophila americana,Wing-barred Seedeater,Thraupidae,,,
Sporophila murallae,Caqueta Seedeater,Thraupidae,,,
,,,Sporophila iberaensis,Ibera Seedeater,Thraupidae
Amaurospiza concolor,Blue Seedeater,Cardinalidae,,,
,,,Amaurospiza concolor,Blue Seedeater,Cardinalidae
,,,Amaurospiza aequatorialis,Ecuadorian Seedeater,Cardinalidae
Melopyrrha nigra,Cuban Bullfinch,Thraupidae,,,
,,,Melopyrrha nigra,Cuban Bullfinch,Thraupidae
,,,Melopyrrha taylori,Grand Cayman Bullfinch,Thraupidae
,,,Geospiza magnirostris,Large Ground-Finch,Thraupidae
Geospiza magnirostris,Large Ground-Finch,Thraupidae,,,
Geospiza propinqua,Genovesa Cactus-Finch,Thraupidae,,,
,,,Geospiza propinqua,Genovesa Cactus-Finch,Thraupidae
Rhodothraupis celaeno,Crimson-collared Grosbeak,Cardinalidae,Periporphyrus celaeno,Crimson-collared Grosbeak,Cardinalidae
Saltator coerulescens,Blue-gray Saltator,Thraupidae,Saltator coerulescens,Bluish-gray Saltator,Thraupidae
Saltator olivascens,Olivaceous Saltator,Thraupidae,Saltator olivascens,Olive-gray Saltator,Thraupidae
Sturnella magna,Eastern Meadowlark,Icteridae,,,
,,,Sturnella magna,Eastern Meadowlark,Icteridae
,,,Sturnella lilianae,Chihuahuan Meadowlark,Icteridae
Atlantisia podarces,St. Helena Crake,Rallidae,Atlantisia podarces,St. Helena Rail,Rallidae
Zapornia astrictocarpus,St. Helena Rail,Rallidae,Zapornia astrictocarpus,St. Helena Crake,Rallidae
Nyctanassa carcinocatactes,Bermuda Night-Heron,Ardeidae,Nyctanassa carcinocatactes,Bermuda Night Heron,Ardeidae
,,,,,
,,,,,
Legend,,,,,
,"Taxon removed. This color indicates that the taxonomic concept is only present in the first checklist. The species was either removed entirely from the list, or may have been replaced by another taxon concept (eg, following a species split or a species lump).",,,,
,"Taxon added. This color indicates that the taxonomic concept is only present in the second checklist. The species was either entirely new to the checklist, or it may replace another concept (eg, following a species split or a species lump).",,,,
,"Name changed. This color indicates that the taxonomic concept is the same between the 2 versions (ie, that the names refers to the same population), but that the scientific, common or family name has been modified.",,,,
,,,,,
"Avibase has been visited 384,005,962 times since 24 June 2003. © Denis Lepage | Privacy policy",,,,,
